,,,,,,,,,,,,
Quality Control Table,,,,,,,,,,,,
Kit ID,NMID,Client Label,Sample Type,Volume Filtered,Date Received,DNA Amplified,Sequencing QC,Target OTUs Detected,% Target,% Non-Target,Reported,Comment
SSC-01-01080,29237,2023 C BP1 P1 S2,Client Sample,NA,14/3/23,Yes,Yes,Yes,35.6,64.4,Yes,Sample reported
SSC-01-01082,29238,2023 C BP1 P1 S3,Client Sample,NA,14/3/23,Yes,Yes,Yes,13.4,86.6,Yes,Sample reported
SSC-01-01083,29239,2023 C BP1 P1 S5,Client Sample,NA,14/3/23,Yes,Yes,Yes,85.3,14.7,Yes,Sample reported
SSC-01-01085,29240,2023 C BP1 P2 S2,Client Sample,NA,14/3/23,Yes,Yes,Yes,63.3,36.7,Yes,Sample reported
SSC-01-01089,29241,2023 C BP1 P2 S5,Client Sample,NA,14/3/23,Yes,Yes,Yes,100,0,Yes,Sample reported
SSC-01-01077,29234,2023 C BP1 P3 S1,Client Sample,NA,14/3/23,Yes,Yes,Yes,70.1,29.9,Yes,Sample reported
SSC-01-01079,29236,2023 C BP1 P3 S2,Client Sample,NA,14/3/23,Yes,Yes,Yes,89,11,Yes,Sample reported
SSC-01-01091,29243,2023 C BP1 P3 S3,Client Sample,NA,14/3/23,Yes,Yes,Yes,82,18,Yes,Sample reported
SSC-01-01078,29235,2023 C BP1 P3 S4,Client Sample,NA,14/3/23,Yes,Yes,Yes,28.6,71.4,Yes,Sample reported
SSC-01-01090,29242,2023 C BP1 P3 S5,Client Sample,NA,14/3/23,Yes,Yes,Yes,23.9,76.1,Yes,Sample reported
SSC-01-00742,29254,2023 C IG P1 S1,Client Sample,NA,14/3/23,Yes,Yes,Yes,98.7,1.3,Yes,Sample reported
SSC-01-00745,29257,2023 C IG P1 S2,Client Sample,NA,14/3/23,Yes,Yes,Yes,58.3,41.7,Yes,Sample reported
SSC-01-00744,29256,2023 C IG P1 S3,Client Sample,NA,14/3/23,Yes,Yes,Yes,10.5,89.5,Yes,Sample reported
SSC-01-00743,29255,2023 C IG P1 S4,Client Sample,NA,14/3/23,Yes,Yes,Yes,13.4,86.6,Yes,Sample reported
SSC-01-00746,29258,2023 C IG P1 S5,Client Sample,NA,14/3/23,Yes,Yes,Yes,49.9,50.1,Yes,Sample reported
SSC-01-00741,29253,2023 C IG P2 S1,Client Sample,NA,14/3/23,Yes,Yes,Yes,17.4,82.6,Yes,Sample reported
SSC-01-00735,29247,2023 C IG P2 S2,Client Sample,NA,14/3/23,Yes,Yes,Yes,66.2,33.8,Yes,Sample reported
SSC-01-00737,29249,2023 C IG P2 S3,Client Sample,NA,14/3/23,Yes,Yes,Yes,98.9,1.1,Yes,Sample reported
SSC-01-00740,29252,2023 C IG P2 S4,Client Sample,NA,14/3/23,Yes,Yes,Yes,93.5,6.5,Yes,Sample reported
SSC-01-00739,29251,2023 C IG P2 S5,Client Sample,NA,14/3/23,Yes,Yes,Yes,12,88,Yes,Sample reported
SSC-01-00738,29250,2023 C IG P3 S1,Client Sample,NA,14/3/23,Yes,Yes,Yes,91.6,8.4,Yes,Sample reported
SSC-01-00736,29248,2023 C IG P3 S2,Client Sample,NA,14/3/23,Yes,Yes,Yes,99.9,0.1,Yes,Sample reported
SSC-01-00732,29244,2023 C IG P3 S3,Client Sample,NA,14/3/23,Yes,Yes,Yes,74.8,25.2,Yes,Sample reported
SSC-01-00733,29245,2023 C IG P3 S4,Client Sample,NA,14/3/23,Yes,Yes,Yes,11.4,88.6,Yes,Sample reported
SSC-01-00734,29246,2023 C IG P3 S5,Client Sample,NA,14/3/23,Yes,Yes,Yes,40.3,59.7,Yes,Sample reported
SSC-01-01155,30216,2023 E CC1 P1 S1,Client Sample,NA,20/4/23,Yes,Yes,Yes,5.2,94.8,Yes,Sample reported
SSC-01-01178,30224,2023 E CC1 P1 S2,Client Sample,NA,20/4/23,Yes,Yes,Yes,3.6,96.4,Yes,Sample reported
SSC-01-01158,30228,2023 E CC1 P1 S3,Client Sample,NA,20/4/23,Yes,Yes,Yes,31.9,68.1,Yes,Sample reported
SSC-01-01162,30235,2023 E CC1 P1 S4,Client Sample,NA,20/4/23,Yes,Yes,Yes,25.6,74.4,Yes,Sample reported
SSC-01-01161,30214,2023 E CC1 P1 S5,Client Sample,NA,20/4/23,Yes,Yes,Yes,3.1,96.9,Yes,Sample reported
SSC-01-01146,30222,2023 E CC1 P2 S1,Client Sample,NA,20/4/23,Yes,Yes,Yes,17.4,82.6,Yes,Sample reported
SSC-01-01190,30244,2023 E CC1 P2 S2,Client Sample,NA,20/4/23,Yes,Yes,Yes,8.2,91.8,Yes,Sample reported
SSC-01-01188,30218,2023 E CC1 P2 S3,Client Sample,NA,20/4/23,Yes,Yes,Yes,12.1,87.9,Yes,Sample reported
SSC-01-01191,30248,2023 E CC1 P2 S4,Client Sample,NA,20/4/23,Yes,Yes,Yes,51.3,48.7,Yes,Sample reported
SSC-01-01189,30247,2023 E CC1 P2 S5,Client Sample,NA,20/4/23,Yes,Yes,Yes,17,83,Yes,Sample reported
SSC-01-01194,30245,2023 E CC1 P3 S1,Client Sample,NA,20/4/23,Yes,Yes,Yes,23,77,Yes,Sample reported
SSC-01-01145,30213,2023 E CC1 P3 S2,Client Sample,NA,20/4/23,Yes,Yes,Yes,63.9,36.1,Yes,Sample reported
SSC-01-01157,30254,2023 E CC1 P3 S3,Client Sample,NA,20/4/23,Yes,Yes,Yes,24.9,75.2,Yes,Sample reported
SSC-01-01175,30256,2023 E CC1 P3 S4,Client Sample,NA,20/4/23,Yes,Yes,Yes,32.8,67.2,Yes,Sample reported
SSC-01-01160,30234,2023 E CC1 P3 S5,Client Sample,NA,20/4/23,Yes,Yes,Yes,78.3,21.7,Yes,Sample reported
SSC-01-00868,30157,2023 E DH1 P1 S1,Client Sample,NA,20/4/23,Yes,Yes,Yes,78.4,21.6,Yes,Sample reported
SSC-01-00867,30158,2023 E DH1 P1 S2,Client Sample,NA,20/4/23,Yes,Yes,Yes,12.6,87.4,Yes,Sample reported
SSC-01-00869,30159,2023 E DH1 P1 S3,Client Sample,NA,20/4/23,Yes,Yes,Yes,90.2,9.8,Yes,Sample reported
SSC-01-00886,30160,2023 E DH1 P1 S4,Client Sample,NA,20/4/23,Yes,Yes,Yes,51.1,48.9,Yes,Sample reported
SSC-01-00880,30161,2023 E DH1 P1 S5,Client Sample,NA,20/4/23,Yes,Yes,Yes,92.8,7.2,Yes,Sample reported
SSC-01-00872,30202,2023 E DH1 P10 S1,Client Sample,NA,20/4/23,Yes,Yes,Yes,94.3,5.7,Yes,Sample reported
SSC-01-00873,30203,2023 E DH1 P10 S2,Client Sample,NA,20/4/23,Yes,Yes,Yes,59.8,40.2,Yes,Sample reported
SSC-01-00874,30204,2023 E DH1 P10 S3,Client Sample,NA,20/4/23,Yes,Yes,Yes,78,22,Yes,Sample reported
SSC-01-00875,30205,2023 E DH1 P10 S4,Client Sample,NA,20/4/23,Yes,Yes,Yes,94.7,5.3,Yes,Sample reported
SSC-01-00812,30206,2023 E DH1 P10 S5,Client Sample,NA,20/4/23,Yes,Yes,Yes,72.4,27.6,Yes,Sample reported
SSC-01-00834,30162,2023 E DH1 P2 S1,Client Sample,NA,20/4/23,Yes,Yes,Yes,95,5,Yes,Sample reported
SSC-01-00881,30163,2023 E DH1 P2 S2,Client Sample,NA,20/4/23,Yes,Yes,Yes,80.2,19.8,Yes,Sample reported
SSC-01-00839,30164,2023 E DH1 P2 S3,Client Sample,NA,20/4/23,Yes,Yes,Yes,28.3,71.7,Yes,Sample reported
SSC-01-00831,30165,2023 E DH1 P2 S4,Client Sample,NA,20/4/23,Yes,Yes,Yes,75.3,24.7,Yes,Sample reported
SSC-01-00879,30166,2023 E DH1 P2 S5,Client Sample,NA,20/4/23,Yes,Yes,Yes,95.9,4.1,Yes,Sample reported
SSC-01-00803,30167,2023 E DH1 P3 S1,Client Sample,NA,20/4/23,Yes,Yes,Yes,55.2,44.8,Yes,Sample reported
SSC-01-00820,30168,2023 E DH1 P3 S2,Client Sample,NA,20/4/23,Yes,Yes,Yes,49,51,Yes,Sample reported
SSC-01-00823,30169,2023 E DH1 P3 S3,Client Sample,NA,20/4/23,Yes,Yes,Yes,42.1,57.9,Yes,Sample reported
SSC-01-00877,30170,2023 E DH1 P3 S4,Client Sample,NA,20/4/23,Yes,Yes,Yes,96.3,3.7,Yes,Sample reported
SSC-01-00858,30171,2023 E DH1 P3 S5,Client Sample,NA,20/4/23,Yes,Yes,Yes,67.5,32.5,Yes,Sample reported
SSC-01-00876,30172,2023 E DH1 P4 S1,Client Sample,NA,20/4/23,Yes,Yes,Yes,59.5,40.5,Yes,Sample reported
SSC-01-00816,30173,2023 E DH1 P4 S2,Client Sample,NA,20/4/23,Yes,Yes,Yes,40.6,59.4,Yes,Sample reported
SSC-01-00815,30174,2023 E DH1 P4 S3,Client Sample,NA,20/4/23,Yes,Yes,Yes,67.3,32.7,Yes,Sample reported
SSC-01-00817,30175,2023 E DH1 P4 S4,Client Sample,NA,20/4/23,Yes,Yes,Yes,46.4,53.6,Yes,Sample reported
SSC-01-00814,30176,2023 E DH1 P4 S5,Client Sample,NA,20/4/23,Yes,Yes,Yes,18.7,81.3,Yes,Sample reported
SSC-01-00841,30177,2023 E DH1 P5 S1,Client Sample,NA,20/4/23,Yes,Yes,Yes,54.5,45.5,Yes,Sample reported
SSC-01-00805,30178,2023 E DH1 P5 S2,Client Sample,NA,20/4/23,Yes,Yes,Yes,81.9,18.1,Yes,Sample reported
SSC-01-00821,30179,2023 E DH1 P5 S3,Client Sample,NA,20/4/23,Yes,Yes,Yes,22.6,77.4,Yes,Sample reported
SSC-01-00836,30180,2023 E DH1 P5 S4,Client Sample,NA,20/4/23,Yes,Yes,Yes,90.8,9.2,Yes,Sample reported
SSC-01-00840,30181,2023 E DH1 P5 S5,Client Sample,NA,20/4/23,Yes,Yes,Yes,90.1,9.9,Yes,Sample reported
SSC-01-00800,30182,2023 E DH1 P6 S1,Client Sample,NA,20/4/23,Yes,Yes,Yes,38.6,61.4,Yes,Sample reported
SSC-01-00796,30183,2023 E DH1 P6 S2,Client Sample,NA,20/4/23,Yes,Yes,Yes,48.4,51.6,Yes,Sample reported
SSC-01-00837,30184,2023 E DH1 P6 S3,Client Sample,NA,20/4/23,Yes,Yes,Yes,62.3,37.7,Yes,Sample reported
SSC-01-00838,30185,2023 E DH1 P6 S4,Client Sample,NA,20/4/23,Yes,Yes,Yes,91.9,8.1,Yes,Sample reported
SSC-01-00819,30186,2023 E DH1 P6 S5,Client Sample,NA,20/4/23,Yes,Yes,Yes,95,5,Yes,Sample reported
SSC-01-00870,30187,2023 E DH1 P7 S1,Client Sample,NA,20/4/23,Yes,Yes,Yes,83.2,16.8,Yes,Sample reported
SSC-01-00871,30188,2023 E DH1 P7 S2,Client Sample,NA,20/4/23,Yes,Yes,Yes,57.9,42.1,Yes,Sample reported
SSC-01-00802,30189,2023 E DH1 P7 S3,Client Sample,NA,20/4/23,Yes,Yes,Yes,43.8,56.2,Yes,Sample reported
SSC-01-00818,30190,2023 E DH1 P7 S4,Client Sample,NA,20/4/23,Yes,Yes,Yes,20.4,79.6,Yes,Sample reported
SSC-01-00828,30191,2023 E DH1 P7 S5,Client Sample,NA,20/4/23,Yes,Yes,Yes,71.1,28.9,Yes,Sample reported
SSC-01-00832,30192,2023 E DH1 P8 S1,Client Sample,NA,20/4/23,Yes,Yes,Yes,96.5,3.5,Yes,Sample reported
SSC-01-00830,30193,2023 E DH1 P8 S2,Client Sample,NA,20/4/23,Yes,Yes,Yes,15.3,84.7,Yes,Sample reported
SSC-01-00822,30194,2023 E DH1 P8 S3,Client Sample,NA,20/4/23,Yes,Yes,Yes,86.6,13.4,Yes,Sample reported
SSC-01-00825,30195,2023 E DH1 P8 S4,Client Sample,NA,20/4/23,Yes,Yes,Yes,87,13,Yes,Sample reported
SSC-01-00826,30196,2023 E DH1 P8 S5,Client Sample,NA,20/4/23,Yes,Yes,Yes,73.8,26.2,Yes,Sample reported
SSC-01-00829,30197,2023 E DH1 P9 S1,Client Sample,NA,20/4/23,Yes,Yes,Yes,15.7,84.3,Yes,Sample reported
SSC-01-00835,30198,2023 E DH1 P9 S2,Client Sample,NA,20/4/23,Yes,Yes,Yes,10.6,89.4,Yes,Sample reported
SSC-01-00824,30199,2023 E DH1 P9 S3,Client Sample,NA,20/4/23,Yes,Yes,Yes,0,100,Yes,"Sample reported, no target species detected"
SSC-01-00833,30200,2023 E DH1 P9 S4,Client Sample,NA,20/4/23,Yes,Yes,Yes,89.7,10.3,Yes,Sample reported
SSC-01-00878,30201,2023 E DH1 P9 S5,Client Sample,NA,20/4/23,Yes,Yes,Yes,0.3,99.7,Yes,Sample reported
SSC-01-01193,30299,2023 E FO1 P1 S1,Client Sample,NA,20/4/23,Yes,Yes,Yes,56.5,43.5,Yes,Sample reported
SSC-01-01202,30320,2023 E FO1 P1 S2,Client Sample,NA,20/4/23,Yes,Yes,Yes,67.9,32.1,Yes,Sample reported
SSC-01-01197,30294,2023 E FO1 P1 S3,Client Sample,NA,20/4/23,Yes,Yes,Yes,26.9,73.1,Yes,Sample reported
SSC-01-01203,30301,2023 E FO1 P1 S4,Client Sample,NA,20/4/23,Yes,Yes,Yes,51.8,48.2,Yes,Sample reported
SSC-01-01198,30317,2023 E FO1 P1 S5,Client Sample,NA,20/4/23,Yes,Yes,Yes,40.7,59.3,Yes,Sample reported
SSC-01-01199,30307,2023 E FO1 P2 S1,Client Sample,NA,20/4/23,Yes,Yes,Yes,87.5,12.5,Yes,Sample reported
SSC-01-01205,30311,2023 E FO1 P2 S2,Client Sample,NA,20/4/23,Yes,Yes,Yes,42.8,57.2,Yes,Sample reported
SSC-01-01196,30309,2023 E FO1 P2 S3,Client Sample,NA,20/4/23,Yes,Yes,Yes,61.7,38.3,Yes,Sample reported
SSC-01-01204,30298,2023 E FO1 P2 S4,Client Sample,NA,20/4/23,Yes,Yes,Yes,75.3,24.7,Yes,Sample reported
SSC-01-01201,30303,2023 E FO1 P2 S5,Client Sample,NA,20/4/23,Yes,Yes,Yes,20.1,79.8,Yes,Sample reported
SSC-01-00885,30292,2023 E FO1 P3 S1,Client Sample,NA,20/4/23,Yes,Yes,Yes,7.1,92.9,Yes,Sample reported
SSC-01-01208,30319,2023 E FO1 P3 S2,Client Sample,NA,20/4/23,Yes,Yes,Yes,70.6,29.4,Yes,Sample reported
SSC-01-01206,30315,2023 E FO1 P3 S3,Client Sample,NA,20/4/23,Yes,Yes,Yes,95,5,Yes,Sample reported
SSC-01-00813,30321,2023 E FO1 P3 S4,Client Sample,NA,20/4/23,Yes,Yes,Yes,86.4,13.6,Yes,Sample reported
SSC-01-01209,30308,2023 E FO1 P3 S5,Client Sample,NA,20/4/23,Yes,Yes,Yes,74.9,25.1,Yes,Sample reported
SSC-01-00850,30280,2023 E HF1 P1 S1,Client Sample,NA,20/4/23,Yes,Yes,Yes,3.4,96.6,Yes,Sample reported
SSC-01-00845,30261,2023 E HF1 P1 S2,Client Sample,NA,20/4/23,Yes,Yes,Yes,7.7,92.3,Yes,Sample reported
SSC-01-00842,30284,2023 E HF1 P1 S3,Client Sample,NA,20/4/23,Yes,Yes,Yes,5.8,94.2,Yes,Sample reported
SSC-01-00866,30278,2023 E HF1 P1 S4,Client Sample,NA,20/4/23,Yes,Yes,Yes,8.6,91.4,Yes,Sample reported
SSC-01-00856,30291,2023 E HF1 P1 S5,Client Sample,NA,20/4/23,Yes,Yes,Yes,11.2,88.8,Yes,Sample reported
SSC-01-01154,30242,2023 E HF1 P2 S1,Client Sample,NA,20/4/23,Yes,Yes,Yes,3.2,96.8,Yes,Sample reported
SSC-01-01153,30231,2023 E HF1 P2 S2,Client Sample,NA,20/4/23,Yes,Yes,Yes,1.2,98.8,Yes,Sample reported
SSC-01-01169,30253,2023 E HF1 P2 S3,Client Sample,NA,20/4/23,Yes,Yes,Yes,8.1,91.9,Yes,Sample reported
SSC-01-01166,30233,2023 E HF1 P2 S4,Client Sample,NA,20/4/23,Yes,Yes,Yes,7.9,92.1,Yes,Sample reported
SSC-01-01174,30236,2023 E HF1 P2 S5,Client Sample,NA,20/4/23,Yes,Yes,Yes,56.2,43.8,Yes,Sample reported
SSC-01-01152,30255,2023 E HF1 P3 S1,Client Sample,NA,20/4/23,Yes,Yes,Yes,10.6,89.4,Yes,Sample reported
SSC-01-01170,30230,2023 E HF1 P3 S2,Client Sample,NA,20/4/23,Yes,Yes,Yes,7.1,92.9,Yes,Sample reported
SSC-01-01150,30251,2023 E HF1 P3 S3,Client Sample,NA,20/4/23,Yes,Yes,Yes,12.1,87.9,Yes,Sample reported
SSC-01-01165,30239,2023 E HF1 P3 S4,Client Sample,NA,20/4/23,Yes,Yes,Yes,10.4,89.6,Yes,Sample reported
SSC-01-01149,30220,2023 E HF1 P3 S5,Client Sample,NA,20/4/23,Yes,Yes,Yes,5.3,94.7,Yes,Sample reported
SSC-01-01151,30250,2023 E HF1 P4 S1,Client Sample,NA,20/4/23,Yes,Yes,Yes,4.5,95.5,Yes,Sample reported
SSC-01-01156,30257,2023 E HF1 P4 S2,Client Sample,NA,20/4/23,Yes,Yes,Yes,4,96,Yes,Sample reported
SSC-01-01164,30217,2023 E HF1 P4 S3,Client Sample,NA,20/4/23,Yes,Yes,Yes,10.6,89.4,Yes,Sample reported
SSC-01-01163,30232,2023 E HF1 P4 S4,Client Sample,NA,20/4/23,Yes,Yes,Yes,73.9,26.1,Yes,Sample reported
SSC-01-01167,30237,2023 E HF1 P4 S5,Client Sample,NA,20/4/23,Yes,Yes,Yes,56.4,43.6,Yes,Sample reported
SSC-01-00801,30283,2023 E HF1 P5 S1,Client Sample,NA,20/4/23,Yes,Yes,Yes,19.9,80.1,Yes,Sample reported
SSC-01-00799,30260,2023 E HF1 P5 S2,Client Sample,NA,20/4/23,Yes,Yes,Yes,3.9,96.2,Yes,Sample reported
SSC-01-00843,30272,2023 E HF1 P5 S3,Client Sample,NA,20/4/23,Yes,Yes,Yes,2.9,97.2,Yes,Sample reported
SSC-01-00793,30290,2023 E HF1 P5 S4,Client Sample,NA,20/4/23,Yes,Yes,Yes,10,90,Yes,Sample reported
SSC-01-00844,30262,2023 E HF1 P5 S5,Client Sample,NA,20/4/23,Yes,Yes,Yes,18.9,81.2,Yes,Sample reported
SSC-01-00882,30265,2023 E HF1 P6 S1,Client Sample,NA,20/4/23,Yes,Yes,Yes,8.2,91.8,Yes,Sample reported
SSC-01-01173,30281,2023 E HF1 P6 S2,Client Sample,NA,20/4/23,Yes,Yes,Yes,4.5,95.5,Yes,Sample reported
SSC-01-01176,30285,2023 E HF1 P6 S3,Client Sample,NA,20/4/23,Yes,Yes,Yes,5.5,94.5,Yes,Sample reported
SSC-01-00865,30287,2023 E HF1 P6 S4,Client Sample,NA,20/4/23,Yes,Yes,Yes,83.4,16.6,Yes,Sample reported
SSC-01-00811,30266,2023 E HF1 P6 S5,Client Sample,NA,20/4/23,Yes,Yes,Yes,87.6,12.4,Yes,Sample reported
SSC-01-00806,30267,2023 E HF1 P7 S1,Client Sample,NA,20/4/23,Yes,Yes,Yes,4.5,95.5,Yes,Sample reported
SSC-01-00863,30269,2023 E HF1 P7 S2,Client Sample,NA,20/4/23,Yes,Yes,Yes,8.5,91.5,Yes,Sample reported
SSC-01-00810,30276,2023 E HF1 P7 S3,Client Sample,NA,20/4/23,Yes,Yes,Yes,24.3,75.7,Yes,Sample reported
SSC-01-00849,30274,2023 E HF1 P7 S4,Client Sample,NA,20/4/23,Yes,Yes,Yes,3.7,96.3,Yes,Sample reported
SSC-01-00864,30268,2023 E HF1 P7 S5,Client Sample,NA,20/4/23,Yes,Yes,Yes,16,84,Yes,Sample reported
SSC-01-01168,30258,2023 E PF1 P1 S1,Client Sample,NA,20/4/23,Yes,Yes,Yes,15.1,84.9,Yes,Sample reported
SSC-01-01172,30238,2023 E PF1 P1 S2,Client Sample,NA,20/4/23,Yes,Yes,Yes,13.5,86.5,Yes,Sample reported
SSC-01-01171,30227,2023 E PF1 P1 S3,Client Sample,NA,20/4/23,Yes,Yes,Yes,62,38,Yes,Sample reported
SSC-01-00883,30219,2023 E PF1 P1 S4,Client Sample,NA,20/4/23,Yes,Yes,Yes,30.6,69.4,Yes,Sample reported
SSC-01-01177,30288,2023 E PF1 P1 S5,Client Sample,NA,20/4/23,Yes,Yes,Yes,6.8,93.2,Yes,Sample reported
SSC-01-00809,30240,2023 E PF1 P2 S1,Client Sample,NA,20/4/23,Yes,Yes,Yes,3.2,96.8,Yes,Sample reported
SSC-01-01179,30221,2023 E PF1 P2 S2,Client Sample,NA,20/4/23,Yes,Yes,Yes,22.9,77.1,Yes,Sample reported
SSC-01-00848,30252,2023 E PF1 P2 S3,Client Sample,NA,20/4/23,Yes,Yes,Yes,53,47,Yes,Sample reported
SSC-01-00847,30226,2023 E PF1 P2 S4,Client Sample,NA,20/4/23,Yes,Yes,Yes,6.7,93.3,Yes,Sample reported
SSC-01-00846,30246,2023 E PF1 P2 S5,Client Sample,NA,20/4/23,Yes,Yes,Yes,14.6,85.4,Yes,Sample reported
SSC-01-00862,30225,2023 E PF1 P3 S1,Client Sample,NA,20/4/23,Yes,Yes,Yes,19.6,80.5,Yes,Sample reported
SSC-01-00827,30215,2023 E PF1 P3 S2,Client Sample,NA,20/4/23,Yes,Yes,Yes,5.5,94.5,Yes,Sample reported
SSC-01-00861,30259,2023 E PF1 P3 S3,Client Sample,NA,20/4/23,Yes,Yes,Yes,2.7,97.3,Yes,Sample reported
SSC-01-00860,30229,2023 E PF1 P3 S4,Client Sample,NA,20/4/23,Yes,Yes,Yes,5.6,94.4,Yes,Sample reported
SSC-01-00884,30243,2023 E PF1 P3 S5,Client Sample,NA,20/4/23,Yes,Yes,Yes,60.8,39.2,Yes,Sample reported
SSC-01-00808,30249,2023 E PF1 P4 S1,Client Sample,NA,20/4/23,Yes,Yes,Yes,6.5,93.5,Yes,Sample reported
SSC-01-00807,30223,2023 E PF1 P4 S2,Client Sample,NA,20/4/23,Yes,Yes,Yes,7.8,92.2,Yes,Sample reported
SSC-01-00859,30277,2023 E PF1 P4 S3,Client Sample,NA,20/4/23,Yes,Yes,Yes,76.4,23.6,Yes,Sample reported
SSC-01-00852,30289,2023 E PF1 P4 S4,Client Sample,NA,20/4/23,Yes,Yes,Yes,17.8,82.2,Yes,Sample reported
SSC-01-00853,30263,2023 E PF1 P4 S5,Client Sample,NA,20/4/23,Yes,Yes,Yes,37,63,Yes,Sample reported
SSC-01-00854,30286,2023 E PF1 P5 S1,Client Sample,NA,20/4/23,Yes,Yes,Yes,31.2,68.8,Yes,Sample reported
SSC-01-00857,30271,2023 E PF1 P5 S2,Client Sample,NA,20/4/23,Yes,Yes,Yes,60.7,39.3,Yes,Sample reported
SSC-01-00851,30279,2023 E PF1 P5 S3,Client Sample,NA,20/4/23,Yes,Yes,Yes,10,90,Yes,Sample reported
SSC-01-00855,30282,2023 E PF1 P5 S4,Client Sample,NA,20/4/23,Yes,Yes,Yes,3.4,96.7,Yes,Sample reported
SSC-01-00798,30322,2023 E PF1 P5 S5,Client Sample,NA,20/4/23,Yes,Yes,Yes,8,92,Yes,Sample reported
SSC-01-00797,30275,2023 E PF1 P6 S1,Client Sample,NA,20/4/23,Yes,Yes,Yes,61.3,38.7,Yes,Sample reported
SSC-01-00794,30270,2023 E PF1 P6 S2,Client Sample,NA,20/4/23,Yes,Yes,Yes,22.1,77.9,Yes,Sample reported
SSC-01-00804,30273,2023 E PF1 P6 S3,Client Sample,NA,20/4/23,Yes,Yes,Yes,4.8,95.2,Yes,Sample reported
SSC-01-00792,30241,2023 E PF1 P6 S4,Client Sample,NA,20/4/23,Yes,Yes,Yes,34.8,65.2,Yes,Sample reported
SSC-01-00795,30264,2023 E PF1 P6 S5,Client Sample,NA,20/4/23,Yes,Yes,Yes,29.5,70.5,Yes,Sample reported
SSC-01-01195,30296,2023 E SS1 P1 S1,Client Sample,NA,20/4/23,Yes,Yes,Yes,43.6,56.4,Yes,Sample reported
SSC-01-01192,30293,2023 E SS1 P1 S2,Client Sample,NA,20/4/23,Yes,Yes,Yes,98.6,1.4,Yes,Sample reported
SSC-01-01185,30305,2023 E SS1 P1 S3,Client Sample,NA,20/4/23,Yes,Yes,Yes,36.4,63.6,Yes,Sample reported
SSC-01-01200,30304,2023 E SS1 P1 S4,Client Sample,NA,20/4/23,Yes,Yes,Yes,41.1,58.9,Yes,Sample reported
SSC-01-01186,30316,2023 E SS1 P1 S5,Client Sample,NA,20/4/23,Yes,Yes,Yes,14.2,85.8,Yes,Sample reported
SSC-01-01207,30318,2023 E SS1 P2 S1,Client Sample,NA,20/4/23,Yes,Yes,Yes,49.5,50.5,Yes,Sample reported
SSC-01-01180,30300,2023 E SS1 P2 S2,Client Sample,NA,20/4/23,Yes,Yes,Yes,42.1,57.9,Yes,Sample reported
SSC-01-01181,30302,2023 E SS1 P2 S3,Client Sample,NA,20/4/23,Yes,Yes,Yes,5.2,94.8,Yes,Sample reported
SSC-01-01182,30314,2023 E SS1 P2 S4,Client Sample,NA,20/4/23,Yes,Yes,Yes,28.8,71.2,Yes,Sample reported
SSC-01-01184,30297,2023 E SS1 P2 S5,Client Sample,NA,20/4/23,Yes,Yes,Yes,5.4,94.6,Yes,Sample reported
SSC-01-01183,30313,2023 E SS1 P3 S1,Client Sample,NA,20/4/23,Yes,Yes,Yes,16.5,83.5,Yes,Sample reported
SSC-01-01148,30312,2023 E SS1 P3 S2,Client Sample,NA,20/4/23,Yes,Yes,Yes,17.7,82.3,Yes,Sample reported
SSC-01-01147,30295,2023 E SS1 P3 S3,Client Sample,NA,20/4/23,Yes,Yes,Yes,22.6,77.4,Yes,Sample reported
SSC-01-01159,30310,2023 E SS1 P3 S4,Client Sample,NA,20/4/23,Yes,Yes,Yes,26.4,73.6,Yes,Sample reported
SSC-01-01187,30306,2023 E SS1 P3 S5,Client Sample,NA,20/4/23,Yes,Yes,Yes,23.6,76.4,Yes,Sample reported
SSC-01-01229,29844,2023 E WW P1 S1,Client Sample,NA,28/3/23,Yes,Yes,Yes,68.9,31.1,Yes,Sample reported
SSC-01-01225,29840,2023 E WW P1 S2,Client Sample,NA,28/3/23,Yes,Yes,Yes,84.1,15.9,Yes,Sample reported
SSC-01-01218,29833,2023 E WW P1 S3,Client Sample,NA,28/3/23,Yes,Yes,Yes,67.9,32.1,Yes,Sample reported
SSC-01-01219,29834,2023 E WW P1 S4,Client Sample,NA,28/3/23,Yes,Yes,Yes,24.4,75.6,Yes,Sample reported
SSC-01-01211,29826,2023 E WW P1 S5,Client Sample,NA,28/3/23,Yes,Yes,Yes,4.4,95.6,Yes,Sample reported
SSC-01-01214,29829,2023 E WW P2 S1,Client Sample,NA,28/3/23,Yes,Yes,Yes,96.8,3.2,Yes,Sample reported
SSC-01-01223,29838,2023 E WW P2 S2,Client Sample,NA,28/3/23,Yes,Yes,Yes,31.9,68.1,Yes,Sample reported
SSC-01-01217,29832,2023 E WW P2 S3,Client Sample,NA,28/3/23,Yes,Yes,Yes,95.9,4.1,Yes,Sample reported
SSC-01-01215,29830,2023 E WW P2 S4,Client Sample,NA,28/3/23,Yes,Yes,Yes,18.9,81,Yes,Sample reported
SSC-01-01224,29839,2023 E WW P2 S5,Client Sample,NA,28/3/23,Yes,Yes,Yes,86.6,13.4,Yes,Sample reported
SSC-01-01220,29835,2023 E WW P3 S1,Client Sample,NA,28/3/23,Yes,Yes,Yes,11.6,88.4,Yes,Sample reported
SSC-01-01216,29831,2023 E WW P3 S2,Client Sample,NA,28/3/23,Yes,Yes,Yes,13.9,86.1,Yes,Sample reported
SSC-01-01228,29843,2023 E WW P3 S3,Client Sample,NA,28/3/23,Yes,Yes,Yes,94.6,5.4,Yes,Sample reported
SSC-01-01222,29837,2023 E WW P3 S4,Client Sample,NA,28/3/23,Yes,Yes,Yes,3.8,96.2,Yes,Sample reported
SSC-01-01226,29841,2023 E WW P3 S5,Client Sample,NA,28/3/23,Yes,Yes,Yes,4,96,Yes,Sample reported
SSC-01-01227,29842,2023 E WW P4 S1,Client Sample,NA,28/3/23,Yes,Yes,Yes,23.5,76.5,Yes,Sample reported
SSC-01-01212,29827,2023 E WW P4 S2,Client Sample,NA,28/3/23,Yes,Yes,Yes,27.2,72.8,Yes,Sample reported
SSC-01-01221,29836,2023 E WW P4 S3,Client Sample,NA,28/3/23,Yes,Yes,Yes,42.9,57.1,Yes,Sample reported
SSC-01-01210,29825,2023 E WW P4 S4,Client Sample,NA,28/3/23,Yes,Yes,Yes,7.2,92.8,Yes,Sample reported
SSC-01-01213,29828,2023 E WW P4 S5,Client Sample,NA,28/3/23,Yes,Yes,Yes,1.4,98.6,Yes,Sample reported
SSC-01-01016,30596,2023 N KE P1 S1,Client Sample,NA,27/4/23,Yes,Yes,Yes,26.5,73.5,Yes,Sample reported
SSC-01-01015,30595,2023 N KE P1 S2,Client Sample,NA,27/4/23,Yes,Yes,Yes,98.6,1.4,Yes,Sample reported
SSC-01-01013,30593,2023 N KE P1 S3,Client Sample,NA,27/4/23,Yes,Yes,Yes,87.5,12.4,Yes,Sample reported
SSC-01-01012,30592,2023 N KE P1 S4,Client Sample,NA,27/4/23,Yes,Yes,Yes,21.5,78.5,Yes,Sample reported
SSC-01-01009,30589,2023 N KE P1 S5,Client Sample,NA,27/4/23,Yes,Yes,Yes,40.3,59.7,Yes,Sample reported
SSC-01-00985,30568,2023 N KE P10 S1,Client Sample,NA,27/4/23,Yes,Yes,Yes,79.5,20.6,Yes,Sample reported
SSC-01-00996,30578,2023 N KE P10 S2,Client Sample,NA,27/4/23,Yes,Yes,Yes,5.8,94.2,Yes,Sample reported
SSC-01-01010,30590,2023 N KE P10 S3,Client Sample,NA,27/4/23,Yes,Yes,Yes,39.2,60.8,Yes,Sample reported
SSC-01-01002,30583,2023 N KE P10 S4,Client Sample,NA,27/4/23,Yes,Yes,Yes,2.6,97.3,Yes,Sample reported
SSC-01-00998,30580,2023 N KE P10 S5,Client Sample,NA,27/4/23,Yes,Yes,Yes,20.7,79.3,Yes,Sample reported
SSC-01-01008,30588,2023 N KE P2 S1,Client Sample,NA,27/4/23,Yes,Yes,Yes,93.8,6.2,Yes,Sample reported
SSC-01-01014,30594,2023 N KE P2 S2,Client Sample,NA,27/4/23,Yes,Yes,Yes,99.2,0.8,Yes,Sample reported
SSC-01-01011,30591,2023 N KE P2 S3,Client Sample,NA,27/4/23,Yes,Yes,Yes,62.2,37.8,Yes,Sample reported
SSC-01-00993,30575,2023 N KE P2 S4,Client Sample,NA,27/4/23,Yes,Yes,Yes,92,8,Yes,Sample reported
SSC-01-00964,30549,2023 N KE P2 S5,Client Sample,NA,27/4/23,Yes,Yes,Yes,97.7,2.3,Yes,Sample reported
SSC-01-00963,30548,2023 N KE P3 S1,Client Sample,NA,27/4/23,Yes,Yes,Yes,82.8,17.2,Yes,Sample reported
SSC-01-00968,30553,2023 N KE P3 S2,Client Sample,NA,27/4/23,Yes,Yes,Yes,97.6,2.4,Yes,Sample reported
SSC-01-00970,30555,2023 N KE P3 S3,Client Sample,NA,27/4/23,Yes,Yes,Yes,69.3,30.7,Yes,Sample reported
SSC-01-00978,30561,2023 N KE P3 S4,Client Sample,NA,27/4/23,Yes,Yes,Yes,98.1,1.9,Yes,Sample reported
SSC-01-00972,30557,2023 N KE P3 S5,Client Sample,NA,27/4/23,Yes,Yes,Yes,66.4,33.6,Yes,Sample reported
SSC-01-00973,30558,2023 N KE P4 S1,Client Sample,NA,27/4/23,Yes,Yes,Yes,99.8,0.2,Yes,Sample reported
SSC-01-00987,30570,2023 N KE P4 S2,Client Sample,NA,27/4/23,Yes,Yes,Yes,99.8,0.2,Yes,Sample reported
SSC-01-00966,30551,2023 N KE P4 S3,Client Sample,NA,27/4/23,Yes,Yes,Yes,85.4,14.6,Yes,Sample reported
SSC-01-00975,30559,2023 N KE P4 S4,Client Sample,NA,27/4/23,Yes,Yes,Yes,75.6,24.4,Yes,Sample reported
SSC-01-00981,30564,2023 N KE P4 S5,Client Sample,NA,27/4/23,Yes,Yes,Yes,48.7,51.3,Yes,Sample reported
SSC-01-00986,30569,2023 N KE P5 S1,Client Sample,NA,27/4/23,Yes,Yes,Yes,98.8,1.2,Yes,Sample reported
SSC-01-00984,30567,2023 N KE P5 S2,Client Sample,NA,27/4/23,Yes,Yes,Yes,84.6,15.4,Yes,Sample reported
SSC-01-01005,30586,2023 N KE P5 S4,Client Sample,NA,27/4/23,Yes,Yes,Yes,78.5,21.5,Yes,Sample reported
SSC-01-00982,30565,2023 N KE P5 S5,Client Sample,NA,27/4/23,Yes,Yes,Yes,94,6,Yes,Sample reported
SSC-01-00965,30550,2023 N KE P6 S1,Client Sample,NA,27/4/23,Yes,Yes,Yes,57.2,42.8,Yes,Sample reported
SSC-01-00971,30556,2023 N KE P6 S2,Client Sample,NA,27/4/23,Yes,Yes,Yes,91.5,8.5,Yes,Sample reported
SSC-01-00969,30554,2023 N KE P6 S3,Client Sample,NA,27/4/23,Yes,Yes,Yes,40.1,59.9,Yes,Sample reported
SSC-01-00967,30552,2023 N KE P6 S4,Client Sample,NA,27/4/23,Yes,Yes,Yes,60.8,39.2,Yes,Sample reported
SSC-01-00976,30560,2023 N KE P6 S5,Client Sample,NA,27/4/23,Yes,Yes,Yes,1.9,98.1,Yes,Sample reported
SSC-01-00999,30581,2023 N KE P7 S1,Client Sample,NA,27/4/23,Yes,Yes,Yes,99,1.1,Yes,Sample reported
SSC-01-00997,30579,2023 N KE P7 S2,Client Sample,NA,27/4/23,Yes,Yes,Yes,32.9,67.1,Yes,Sample reported
SSC-01-00994,30576,2023 N KE P7 S3,Client Sample,NA,27/4/23,Yes,Yes,Yes,87.6,12.4,Yes,Sample reported
SSC-01-00990,30572,2023 N KE P7 S4,Client Sample,NA,27/4/23,Yes,Yes,Yes,89.2,10.8,Yes,Sample reported
SSC-01-01001,30582,2023 N KE P7 S5,Client Sample,NA,27/4/23,Yes,Yes,Yes,82.7,17.3,Yes,Sample reported
SSC-01-00991,30573,2023 N KE P8 S1,Client Sample,NA,27/4/23,Yes,Yes,Yes,100,0,Yes,Sample reported
SSC-01-00980,30563,2023 N KE P8 S2,Client Sample,NA,27/4/23,Yes,Yes,Yes,97.2,2.8,Yes,Sample reported
SSC-01-00983,30566,2023 N KE P8 S3,Client Sample,NA,27/4/23,Yes,Yes,Yes,98.6,1.4,Yes,Sample reported
SSC-01-00992,30574,2023 N KE P8 S4,Client Sample,NA,27/4/23,Yes,Yes,Yes,98.9,1.1,Yes,Sample reported
SSC-01-00995,30577,2023 N KE P8 S5,Client Sample,NA,27/4/23,Yes,Yes,Yes,98.4,1.6,Yes,Sample reported
SSC-01-01003,30584,2023 N KE P9 S1,Client Sample,NA,27/4/23,Yes,Yes,Yes,100,0,Yes,Sample reported
SSC-01-00979,30562,2023 N KE P9 S2,Client Sample,NA,27/4/23,Yes,Yes,Yes,99.5,0.5,Yes,Sample reported
SSC-01-00962,30547,2023 N KE P9 S3,Client Sample,NA,27/4/23,Yes,Yes,Yes,99.3,0.7,Yes,Sample reported
SSC-01-00989,30571,2023 N KE P9 S4,Client Sample,NA,27/4/23,Yes,Yes,Yes,94.7,5.3,Yes,Sample reported
SSC-01-01006,30587,2023 N KE P9 S5,Client Sample,NA,27/4/23,Yes,Yes,Yes,98.6,1.4,Yes,Sample reported
SSC-01-01039,30457,2023 N WE1 P1 S1,Client Sample,NA,25/4/23,Yes,Yes,Yes,85.2,14.8,Yes,Sample reported
SSC-01-01051,30469,2023 N WE1 P1 S2,Client Sample,NA,25/4/23,Yes,Yes,Yes,95.8,4.2,Yes,Sample reported
SSC-01-01050,30468,2023 N WE1 P1 S3,Client Sample,NA,25/4/23,Yes,Yes,Yes,98.8,1.1,Yes,Sample reported
SSC-01-01049,30467,2023 N WE1 P1 S4,Client Sample,NA,25/4/23,Yes,Yes,Yes,80.9,19.1,Yes,Sample reported
SSC-01-01052,30470,2023 N WE1 P1 S5,Client Sample,NA,25/4/23,Yes,Yes,Yes,89.5,10.4,Yes,Sample reported
SSC-01-01070,30488,2023 N WE1 P10 S1,Client Sample,NA,25/4/23,Yes,Yes,Yes,96,4,Yes,Sample reported
SSC-01-01073,30491,2023 N WE1 P10 S2,Client Sample,NA,25/4/23,Yes,Yes,Yes,81.6,18.4,Yes,Sample reported
SSC-01-01072,30490,2023 N WE1 P10 S3,Client Sample,NA,25/4/23,Yes,Yes,Yes,99.6,0.4,Yes,Sample reported
SSC-01-01069,30487,2023 N WE1 P10 S5,Client Sample,NA,25/4/23,Yes,Yes,Yes,64.8,35.2,Yes,Sample reported
SSC-01-01067,30485,2023 N WE1 P2 S1,Client Sample,NA,25/4/23,Yes,Yes,Yes,71.7,28.3,Yes,Sample reported
SSC-01-01065,30483,2023 N WE1 P2 S2,Client Sample,NA,25/4/23,Yes,Yes,Yes,98.1,1.9,Yes,Sample reported
SSC-01-01066,30484,2023 N WE1 P2 S3,Client Sample,NA,25/4/23,Yes,Yes,Yes,99.7,0.3,Yes,Sample reported
SSC-01-01064,30482,2023 N WE1 P2 S4,Client Sample,NA,25/4/23,Yes,Yes,Yes,84.5,15.5,Yes,Sample reported
SSC-01-01063,30481,2023 N WE1 P2 S5,Client Sample,NA,25/4/23,Yes,Yes,Yes,86.3,13.7,Yes,Sample reported
SSC-01-01061,30479,2023 N WE1 P3 S1,Client Sample,NA,25/4/23,Yes,Yes,Yes,99,0.9,Yes,Sample reported
SSC-01-01062,30480,2023 N WE1 P3 S2,Client Sample,NA,25/4/23,Yes,Yes,Yes,99.4,0.6,Yes,Sample reported
SSC-01-01060,30478,2023 N WE1 P3 S3,Client Sample,NA,25/4/23,Yes,Yes,Yes,98.9,1.1,Yes,Sample reported
SSC-01-01058,30476,2023 N WE1 P3 S4,Client Sample,NA,25/4/23,Yes,Yes,Yes,66,34,Yes,Sample reported
SSC-01-01059,30477,2023 N WE1 P3 S5,Client Sample,NA,25/4/23,Yes,Yes,Yes,56.6,43.4,Yes,Sample reported
SSC-01-01053,30471,2023 N WE1 P4 S1,Client Sample,NA,25/4/23,Yes,Yes,Yes,37.1,62.9,Yes,Sample reported
SSC-01-01054,30472,2023 N WE1 P4 S2,Client Sample,NA,25/4/23,Yes,Yes,Yes,91.8,8.2,Yes,Sample reported
SSC-01-01056,30474,2023 N WE1 P4 S3,Client Sample,NA,25/4/23,Yes,Yes,Yes,72,28,Yes,Sample reported
SSC-01-01057,30475,2023 N WE1 P4 S5,Client Sample,NA,25/4/23,Yes,Yes,Yes,79.8,20.2,Yes,Sample reported
SSC-01-01074,30492,2023 N WE1 P5 S2,Client Sample,NA,25/4/23,Yes,Yes,Yes,63.4,36.6,Yes,Sample reported
SSC-01-01075,30493,2023 N WE1 P5 S3,Client Sample,NA,25/4/23,Yes,Yes,Yes,92.4,7.6,Yes,Sample reported
SSC-01-01076,30494,2023 N WE1 P5 S4,Client Sample,NA,25/4/23,Yes,Yes,Yes,54.1,45.9,Yes,Sample reported
SSC-01-01042,30460,2023 N WE1 P6 S1,Client Sample,NA,25/4/23,Yes,Yes,Yes,95.3,4.7,Yes,Sample reported
SSC-01-01045,30463,2023 N WE1 P6 S2,Client Sample,NA,25/4/23,Yes,Yes,Yes,97.5,2.5,Yes,Sample reported
SSC-01-01043,30461,2023 N WE1 P6 S3,Client Sample,NA,25/4/23,Yes,Yes,Yes,85.9,14.1,Yes,Sample reported
SSC-01-01048,30466,2023 N WE1 P6 S4,Client Sample,NA,25/4/23,Yes,Yes,Yes,99.7,0.3,Yes,Sample reported
SSC-01-01047,30465,2023 N WE1 P6 S5,Client Sample,NA,25/4/23,Yes,Yes,Yes,96.9,3.1,Yes,Sample reported
SSC-01-01041,30459,2023 N WE1 P7 S1,Client Sample,NA,25/4/23,Yes,Yes,Yes,95.3,4.7,Yes,Sample reported
SSC-01-01036,30454,2023 N WE1 P7 S2,Client Sample,NA,25/4/23,Yes,Yes,Yes,83.3,16.7,Yes,Sample reported
SSC-01-01038,30456,2023 N WE1 P7 S3,Client Sample,NA,25/4/23,Yes,Yes,Yes,99.4,0.6,Yes,Sample reported
SSC-01-01035,30453,2023 N WE1 P7 S4,Client Sample,NA,25/4/23,Yes,Yes,Yes,91.8,8.2,Yes,Sample reported
SSC-01-01040,30458,2023 N WE1 P7 S5,Client Sample,NA,25/4/23,Yes,Yes,Yes,49,51,Yes,Sample reported
SSC-01-01033,30451,2023 N WE1 P8 S1,Client Sample,NA,25/4/23,Yes,Yes,Yes,99.6,0.4,Yes,Sample reported
SSC-01-01031,30449,2023 N WE1 P8 S2,Client Sample,NA,25/4/23,Yes,Yes,Yes,70.9,29.1,Yes,Sample reported
SSC-01-01032,30450,2023 N WE1 P8 S3,Client Sample,NA,25/4/23,Yes,Yes,Yes,100,0,Yes,Sample reported
SSC-01-01034,30452,2023 N WE1 P8 S4,Client Sample,NA,25/4/23,Yes,Yes,Yes,99.8,0.2,Yes,Sample reported
SSC-01-01046,30464,2023 N WE1 P8 S5,Client Sample,NA,25/4/23,Yes,Yes,Yes,99.9,0.1,Yes,Sample reported
SSC-01-01030,30448,2023 N WE1 P9 S1,Client Sample,NA,25/4/23,Yes,Yes,Yes,43.4,56.6,Yes,Sample reported
SSC-01-01027,30445,2023 N WE1 P9 S2,Client Sample,NA,25/4/23,Yes,Yes,Yes,100,0,Yes,Sample reported
SSC-01-01029,30447,2023 N WE1 P9 S3,Client Sample,NA,25/4/23,Yes,Yes,Yes,99.4,0.6,Yes,Sample reported
SSC-01-01028,30446,2023 N WE1 P9 S5,Client Sample,NA,25/4/23,Yes,Yes,Yes,100,0,Yes,Sample reported
SSC-01-01019,31565,2023 N WW CB 1,Client Sample,NA,18/5/23,Yes,Yes,Yes,98.6,1.4,Yes,Sample reported
SSC-01-01021,31553,2023 N WW CB 2,Client Sample,NA,18/5/23,Yes,Yes,Yes,5,95,Yes,Sample reported
SSC-01-01268,31573,2023 N WW CB 3,Client Sample,NA,18/5/23,Yes,Yes,Yes,96.9,3.1,Yes,Sample reported
SSC-01-01025,31574,2023 N WW CB 4,Client Sample,NA,18/5/23,Yes,Yes,Yes,51.8,48.2,Yes,Sample reported
SSC-01-01018,31571,2023 N WW CB 5,Client Sample,NA,18/5/23,Yes,Yes,Yes,98.8,1.2,Yes,Sample reported
SSC-01-01270,31560,2023 N WW OS 1,Client Sample,NA,18/5/23,Yes,Yes,Yes,96.7,3.3,Yes,Sample reported
SSC-01-01023,31541,2023 N WW OS 2,Client Sample,NA,18/5/23,Yes,Yes,Yes,24,76,Yes,Sample reported
SSC-01-01267,31552,2023 N WW OS 3,Client Sample,NA,18/5/23,Yes,Yes,Yes,95.2,4.8,Yes,Sample reported
SSC-01-01266,31542,2023 N WW OS 4,Client Sample,NA,18/5/23,Yes,Yes,Yes,99,1,Yes,Sample reported
SSC-01-01024,31544,2023 N WW OS 5,Client Sample,NA,18/5/23,Yes,Yes,Yes,93.2,6.8,Yes,Sample reported
SSC-01-01271,31558,2023 N WW SP 1,Client Sample,NA,18/5/23,Yes,Yes,Yes,5.3,94.7,Yes,Sample reported
SSC-01-01285,31564,2023 N WW SP 2,Client Sample,NA,18/5/23,Yes,Yes,Yes,70.4,29.6,Yes,Sample reported
SSC-01-01263,31576,2023 N WW SP 3,Client Sample,NA,18/5/23,Yes,Yes,Yes,40,60,Yes,Sample reported
SSC-01-01273,31562,2023 N WW SP 4,Client Sample,NA,18/5/23,Yes,Yes,Yes,78.3,21.7,Yes,Sample reported
SSC-01-01282,31577,2023 N WW SP 5,Client Sample,NA,18/5/23,Yes,Yes,Yes,99.8,0.2,Yes,Sample reported
SSC-01-01278,31570,2023 N WW W11 1,Client Sample,NA,18/5/23,Yes,Yes,Yes,51.9,48.1,Yes,Sample reported
SSC-01-01287,31537,2023 N WW W11 2,Client Sample,NA,18/5/23,Yes,Yes,Yes,86.5,13.5,Yes,Sample reported
SSC-01-01280,31567,2023 N WW W11 3,Client Sample,NA,18/5/23,Yes,Yes,Yes,99.5,0.5,Yes,Sample reported
SSC-01-00974,31543,2023 N WW W11 4,Client Sample,NA,18/5/23,Yes,Yes,Yes,100,0,Yes,Sample reported
SSC-01-01265,31545,2023 N WW W11 5,Client Sample,NA,18/5/23,Yes,Yes,Yes,99.2,0.8,Yes,Sample reported
SSC-01-01276,31580,2023 N WW W17 1,Client Sample,NA,18/5/23,Yes,Yes,Yes,96.8,3.1,Yes,Sample reported
SSC-01-01000,31547,2023 N WW W17 2,Client Sample,NA,18/5/23,Yes,Yes,Yes,31.2,68.8,Yes,Sample reported
SSC-01-01007,31550,2023 N WW W17 3,Client Sample,NA,18/5/23,Yes,Yes,Yes,95.5,4.5,Yes,Sample reported
SSC-01-01272,31559,2023 N WW W17 4,Client Sample,NA,18/5/23,Yes,Yes,Yes,96.9,3.1,Yes,Sample reported
SSC-01-01281,31579,2023 N WW W17 5,Client Sample,NA,18/5/23,Yes,Yes,Yes,82.3,17.7,Yes,Sample reported
SSC-01-01283,31555,2023 N WW W18 1,Client Sample,NA,18/5/23,Yes,Yes,Yes,97.7,2.3,Yes,Sample reported
SSC-01-01288,31556,2023 N WW W18 2,Client Sample,NA,18/5/23,Yes,Yes,Yes,40.4,59.6,Yes,Sample reported
SSC-01-01275,31549,2023 N WW W18 3,Client Sample,NA,18/5/23,Yes,Yes,Yes,76,24,Yes,Sample reported
SSC-01-01026,31561,2023 N WW W18 4,Client Sample,NA,18/5/23,Yes,Yes,Yes,96.6,3.4,Yes,Sample reported
SSC-01-01269,31538,2023 N WW W18 5,Client Sample,NA,18/5/23,Yes,Yes,Yes,69.5,30.4,Yes,Sample reported
SSC-01-00977,31569,2023 N WW W4 1,Client Sample,NA,18/5/23,Yes,Yes,Yes,63.3,36.7,Yes,Sample reported
SSC-01-01020,31540,2023 N WW W4 2,Client Sample,NA,18/5/23,Yes,Yes,Yes,64.3,35.7,Yes,Sample reported
SSC-01-01284,31548,2023 N WW W4 3,Client Sample,NA,18/5/23,Yes,Yes,Yes,76.5,23.5,Yes,Sample reported
SSC-01-01292,31557,2023 N WW W4 4,Client Sample,NA,18/5/23,Yes,Yes,Yes,99.4,0.6,Yes,Sample reported
SSC-01-01022,31539,2023 N WW W4 5,Client Sample,NA,18/5/23,Yes,Yes,Yes,99.4,0.6,Yes,Sample reported
SSC-01-01277,31563,2023 N WW W7 1,Client Sample,NA,18/5/23,Yes,Yes,Yes,25.4,74.6,Yes,Sample reported
SSC-01-01017,31546,2023 N WW W7 2,Client Sample,NA,18/5/23,Yes,Yes,Yes,2.9,97.1,Yes,Sample reported
SSC-01-01290,31578,2023 N WW W7 3,Client Sample,NA,18/5/23,Yes,Yes,Yes,86.4,13.6,Yes,Sample reported
SSC-01-01289,31554,2023 N WW W7 4,Client Sample,NA,18/5/23,Yes,Yes,Yes,51.7,48.3,Yes,Sample reported
SSC-01-01291,31575,2023 N WW W7 5,Client Sample,NA,18/5/23,Yes,Yes,Yes,96.3,3.6,Yes,Sample reported
SSC-01-01286,31566,2023 N WW WC 1,Client Sample,NA,18/5/23,Yes,Yes,Yes,98.5,1.5,Yes,Sample reported
SSC-01-01274,31568,2023 N WW WC 2,Client Sample,NA,18/5/23,Yes,Yes,Yes,38.4,61.6,Yes,Sample reported
SSC-01-01264,31572,2023 N WW WC 3,Client Sample,NA,18/5/23,Yes,Yes,Yes,99.5,0.5,Yes,Sample reported
SSC-01-01279,31551,2023 N WW WC 5,Client Sample,NA,18/5/23,Yes,Yes,Yes,99,1.1,Yes,Sample reported
SOS-01-04107,28438,2023 S NF P1 S1 M,Client Sample,NA,13/2/23,Yes,Yes,Yes,91.4,8.6,Yes,Sample reported
SOS-01-04108,28439,2023 S NF P1 S2 M,Client Sample,NA,13/2/23,Yes,Yes,Yes,62,38,Yes,Sample reported
SOS-01-04109,28440,2023 S NF P1 S3 M,Client Sample,NA,13/2/23,Yes,Yes,Yes,70.5,29.6,Yes,Sample reported
SOS-01-04110,28441,2023 S NF P1 S4 M,Client Sample,NA,13/2/23,Yes,Yes,Yes,74,26,Yes,Sample reported
SOS-01-04111,28442,2023 S NF P1 S5 M,Client Sample,NA,13/2/23,Yes,Yes,Yes,32,68,Yes,Sample reported
SOS-01-04112,28443,2023 S NF P2 S1 D,Client Sample,NA,13/2/23,Yes,Yes,Yes,42,58,Yes,Sample reported
SOS-01-04113,28444,2023 S NF P2 S2 D,Client Sample,NA,13/2/23,Yes,Yes,Yes,79.3,20.7,Yes,Sample reported
SOS-01-04114,28445,2023 S NF P2 S3 D,Client Sample,NA,13/2/23,Yes,Yes,Yes,45.6,54.4,Yes,Sample reported
SOS-01-04115,28446,2023 S NF P2 S4 D,Client Sample,NA,13/2/23,Yes,Yes,Yes,8.4,91.6,Yes,Sample reported
SOS-01-04116,28447,2023 S NF P2 S5 D,Client Sample,NA,13/2/23,Yes,Yes,Yes,81.9,18.1,Yes,Sample reported
SOS-01-04117,28448,2023 S NF P3 S1 T,Client Sample,NA,13/2/23,Yes,Yes,Yes,73.2,26.8,Yes,Sample reported
SOS-01-04118,28449,2023 S NF P3 S2 T,Client Sample,NA,13/2/23,Yes,Yes,Yes,40.1,59.9,Yes,Sample reported
SOS-01-04119,28450,2023 S NF P3 S3 T,Client Sample,NA,13/2/23,Yes,Yes,Yes,29.3,70.7,Yes,Sample reported
SOS-01-04120,28451,2023 S NF P3 S4 T,Client Sample,NA,13/2/23,Yes,Yes,Yes,42.9,57.1,Yes,Sample reported
SOS-01-04121,28452,2023 S NF P3 S5 T,Client Sample,NA,13/2/23,Yes,Yes,Yes,49.3,50.7,Yes,Sample reported
SOS-01-04122,28453,2023 S TW1 P1 S1,Client Sample,NA,13/2/23,Yes,Yes,Yes,74.9,25.1,Yes,Sample reported
SOS-01-04123,28454,2023 S TW1 P1 S2,Client Sample,NA,13/2/23,Yes,Yes,Yes,39.7,60.3,Yes,Sample reported
SOS-01-04124,28455,2023 S TW1 P1 S3,Client Sample,NA,13/2/23,Yes,Yes,Yes,98.7,1.4,Yes,Sample reported
SOS-01-04125,28456,2023 S TW1 P1 S4,Client Sample,NA,13/2/23,Yes,Yes,Yes,51.8,48.2,Yes,Sample reported
SOS-01-04126,28457,2023 S TW1 P1 S5,Client Sample,NA,13/2/23,Yes,Yes,Yes,35,65,Yes,Sample reported
SOS-01-04127,28458,2023 S TW1 P2 S1,Client Sample,NA,13/2/23,Yes,Yes,Yes,58.2,41.8,Yes,Sample reported
SOS-01-04128,28459,2023 S TW1 P2 S2,Client Sample,NA,13/2/23,Yes,Yes,Yes,65.9,34.1,Yes,Sample reported
SOS-01-04129,28460,2023 S TW1 P2 S3,Client Sample,NA,13/2/23,Yes,Yes,Yes,57.5,42.5,Yes,Sample reported
SOS-01-04130,28461,2023 S TW1 P2 S4,Client Sample,NA,13/2/23,Yes,Yes,Yes,88.6,11.4,Yes,Sample reported
SOS-01-04131,28462,2023 S TW1 P2 S5,Client Sample,NA,13/2/23,Yes,Yes,Yes,5.2,94.8,Yes,Sample reported
SOS-01-04132,28463,2023 S TW2 P3 S1,Client Sample,NA,13/2/23,Yes,Yes,Yes,58.4,41.6,Yes,Sample reported
SOS-01-04133,28464,2023 S TW2 P3 S2,Client Sample,NA,13/2/23,Yes,Yes,Yes,55.1,44.9,Yes,Sample reported
SOS-01-04134,28465,2023 S TW2 P3 S3,Client Sample,NA,13/2/23,Yes,Yes,Yes,65.2,34.8,Yes,Sample reported
SOS-01-04135,28466,2023 S TW2 P3 S4,Client Sample,NA,13/2/23,Yes,Yes,Yes,67.4,32.6,Yes,Sample reported
SOS-01-04136,28467,2023 S TW2 P3 S5,Client Sample,NA,13/2/23,Yes,Yes,Yes,32.8,67.2,Yes,Sample reported
SOS-01-04137,28468,2023 S TW2 P4 S1,Client Sample,NA,13/2/23,Yes,Yes,Yes,6.8,93.2,Yes,Sample reported
SOS-01-04138,28469,2023 S TW2 P4 S2,Client Sample,NA,13/2/23,Yes,Yes,Yes,45.5,54.5,Yes,Sample reported
SOS-01-04139,28470,2023 S TW2 P4 S3,Client Sample,NA,13/2/23,Yes,Yes,Yes,50.8,49.2,Yes,Sample reported
SOS-01-04140,28471,2023 S TW2 P4 S4,Client Sample,NA,13/2/23,Yes,Yes,Yes,93,7,Yes,Sample reported
SOS-01-04141,28472,2023 S TW2 P4 S5,Client Sample,NA,13/2/23,Yes,Yes,Yes,33,67,Yes,Sample reported
SOS-01-04142,28473,2023 S TW2 P5 S1,Client Sample,NA,13/2/23,Yes,Yes,Yes,18.6,81.5,Yes,Sample reported
SOS-01-04143,28474,2023 S TW2 P5 S2,Client Sample,NA,13/2/23,Yes,Yes,Yes,76,24,Yes,Sample reported
SOS-01-04144,28475,2023 S TW2 P5 S3,Client Sample,NA,13/2/23,Yes,Yes,Yes,96.3,3.7,Yes,Sample reported
SOS-01-04145,28476,2023 S TW2 P5 S4,Client Sample,NA,13/2/23,Yes,Yes,Yes,95.8,4.2,Yes,Sample reported
SOS-01-04146,28477,2023 S TW2 P5 S5,Client Sample,NA,13/2/23,Yes,Yes,Yes,72.6,27.4,Yes,Sample reported
SOS-01-04147,28478,2023 S TW2 P6 S1,Client Sample,NA,13/2/23,Yes,Yes,Yes,22.2,77.8,Yes,Sample reported
SOS-01-04148,28479,2023 S TW2 P6 S2,Client Sample,NA,13/2/23,Yes,Yes,Yes,96.5,3.5,Yes,Sample reported
SOS-01-04149,28480,2023 S TW2 P6 S3,Client Sample,NA,13/2/23,Yes,Yes,Yes,64.3,35.6,Yes,Sample reported
SOS-01-04150,28481,2023 S TW2 P6 S4,Client Sample,NA,13/2/23,Yes,Yes,Yes,38.7,61.3,Yes,Sample reported
SOS-01-04151,28482,2023 S TW2 P6 S5,Client Sample,NA,13/2/23,Yes,Yes,Yes,45.3,54.7,Yes,Sample reported
SOS-01-04047,29845,2023 S WH P1 S1,Client Sample,NA,28/3/23,Yes,Yes,Yes,38.5,61.5,Yes,Sample reported
SOS-01-04048,29846,2023 S WH P1 S2,Client Sample,NA,28/3/23,Yes,Yes,Yes,93.3,6.7,Yes,Sample reported
SOS-01-04049,29847,2023 S WH P1 S3,Client Sample,NA,28/3/23,Yes,Yes,Yes,98.1,1.9,Yes,Sample reported
SOS-01-04050,29848,2023 S WH P1 S4,Client Sample,NA,28/3/23,Yes,Yes,Yes,86,14,Yes,Sample reported
SOS-01-04051,29849,2023 S WH P1 S5,Client Sample,NA,28/3/23,Yes,Yes,Yes,84.5,15.5,Yes,Sample reported
SOS-01-04052,29850,2023 S WH P2 S1,Client Sample,NA,28/3/23,Yes,Yes,Yes,54.3,45.7,Yes,Sample reported
SOS-01-04053,29851,2023 S WH P2 S2,Client Sample,NA,28/3/23,Yes,Yes,Yes,31.1,68.9,Yes,Sample reported
SOS-01-04054,29852,2023 S WH P2 S3,Client Sample,NA,28/3/23,Yes,Yes,Yes,44.2,55.8,Yes,Sample reported
SOS-01-04055,29853,2023 S WH P2 S4,Client Sample,NA,28/3/23,Yes,Yes,Yes,50.2,49.8,Yes,Sample reported
SOS-01-04056,29854,2023 S WH P2 S5,Client Sample,NA,28/3/23,Yes,Yes,Yes,93,7,Yes,Sample reported
SOS-01-04057,29855,2023 S WH P3 S1,Client Sample,NA,28/3/23,Yes,Yes,Yes,80.2,19.8,Yes,Sample reported
SOS-01-04058,29856,2023 S WH P3 S2,Client Sample,NA,28/3/23,Yes,Yes,Yes,69.7,30.3,Yes,Sample reported
SOS-01-04059,29857,2023 S WH P3 S3,Client Sample,NA,28/3/23,Yes,Yes,Yes,83.6,16.4,Yes,Sample reported
SOS-01-04060,29858,2023 S WH P3 S4,Client Sample,NA,28/3/23,Yes,Yes,Yes,48.9,51.1,Yes,Sample reported
SOS-01-04061,29859,2023 S WH P3 S5,Client Sample,NA,28/3/23,Yes,Yes,Yes,99.1,0.9,Yes,Sample reported
SOS-01-04062,29860,2023 S WH P4 S1,Client Sample,NA,28/3/23,Yes,Yes,Yes,88,12,Yes,Sample reported
SOS-01-04063,29861,2023 S WH P4 S2,Client Sample,NA,28/3/23,Yes,Yes,Yes,58.9,41.1,Yes,Sample reported
SOS-01-04064,29862,2023 S WH P4 S3,Client Sample,NA,28/3/23,Yes,Yes,Yes,46.8,53.2,Yes,Sample reported
SOS-01-04065,29863,2023 S WH P4 S4,Client Sample,NA,28/3/23,Yes,Yes,Yes,90.4,9.6,Yes,Sample reported
SOS-01-04066,29864,2023 S WH P4 S5,Client Sample,NA,28/3/23,Yes,Yes,Yes,59.9,40.1,Yes,Sample reported
SOS-01-04067,29865,2023 S WH P5 S1,Client Sample,NA,28/3/23,Yes,Yes,Yes,73.7,26.3,Yes,Sample reported
SOS-01-04068,29866,2023 S WH P5 S2,Client Sample,NA,28/3/23,Yes,Yes,Yes,27.4,72.6,Yes,Sample reported
SOS-01-04069,29867,2023 S WH P5 S3,Client Sample,NA,28/3/23,Yes,Yes,Yes,76.8,23.2,Yes,Sample reported
SOS-01-04071,29869,2023 S WH P5 S5,Client Sample,NA,28/3/23,Yes,Yes,Yes,52.1,47.9,Yes,Sample reported
SOS-01-04072,29870,2023 S WH P6 S1,Client Sample,NA,28/3/23,Yes,Yes,Yes,78,22,Yes,Sample reported
SOS-01-04073,29871,2023 S WH P6 S2,Client Sample,NA,28/3/23,Yes,Yes,Yes,99.8,0.2,Yes,Sample reported
SOS-01-04074,29872,2023 S WH P6 S3,Client Sample,NA,28/3/23,Yes,Yes,Yes,41.8,58.2,Yes,Sample reported
SOS-01-04075,29873,2023 S WH P6 S4,Client Sample,NA,28/3/23,Yes,Yes,Yes,71.3,28.7,Yes,Sample reported
SOS-01-04076,29874,2023 S WH P6 S5,Client Sample,NA,28/3/23,Yes,Yes,Yes,85.2,14.8,Yes,Sample reported
SOS-01-04002,28483,2023 S WP P1 S1,Client Sample,NA,13/2/23,Yes,Yes,Yes,96,4,Yes,Sample reported
SOS-01-04003,28484,2023 S WP P1 S2,Client Sample,NA,13/2/23,Yes,Yes,Yes,13.9,86.1,Yes,Sample reported
SOS-01-04004,28485,2023 S WP P1 S3,Client Sample,NA,13/2/23,Yes,Yes,Yes,58.1,41.9,Yes,Sample reported
SOS-01-04005,28486,2023 S WP P1 S4,Client Sample,NA,13/2/23,Yes,Yes,Yes,49.6,50.4,Yes,Sample reported
SOS-01-04006,28487,2023 S WP P1 S5,Client Sample,NA,13/2/23,Yes,Yes,Yes,22.9,77.1,Yes,Sample reported
SOS-01-04007,28488,2023 S WP P2 S1,Client Sample,NA,13/2/23,Yes,Yes,Yes,7.1,92.9,Yes,Sample reported
SOS-01-04009,28490,2023 S WP P2 S3,Client Sample,NA,13/2/23,Yes,Yes,Yes,21.2,78.8,Yes,Sample reported
SOS-01-04010,28491,2023 S WP P2 S4,Client Sample,NA,13/2/23,Yes,Yes,Yes,38.4,61.6,Yes,Sample reported
SOS-01-04011,28492,2023 S WP P2 S5,Client Sample,NA,13/2/23,Yes,Yes,Yes,94.8,5.2,Yes,Sample reported
SOS-01-04012,28493,2023 S WP P3 S1,Client Sample,NA,13/2/23,Yes,Yes,Yes,72.9,27.1,Yes,Sample reported
SOS-01-04013,28494,2023 S WP P3 S2,Client Sample,NA,13/2/23,Yes,Yes,Yes,87.8,12.2,Yes,Sample reported
SOS-01-04014,28495,2023 S WP P3 S3,Client Sample,NA,13/2/23,Yes,Yes,Yes,54.3,45.7,Yes,Sample reported
SOS-01-04015,28496,2023 S WP P3 S4,Client Sample,NA,13/2/23,Yes,Yes,Yes,99.5,0.5,Yes,Sample reported
SOS-01-04016,28497,2023 S WP P3 S5,Client Sample,NA,13/2/23,Yes,Yes,Yes,19.4,80.6,Yes,Sample reported
SOS-01-04017,28498,2023 S WP P4 S1,Client Sample,NA,13/2/23,Yes,Yes,Yes,35.7,64.3,Yes,Sample reported
SOS-01-04018,28499,2023 S WP P4 S2,Client Sample,NA,13/2/23,Yes,Yes,Yes,86.9,13.1,Yes,Sample reported
SOS-01-04019,28500,2023 S WP P4 S3,Client Sample,NA,13/2/23,Yes,Yes,Yes,93.1,6.9,Yes,Sample reported
SOS-01-04020,28501,2023 S WP P4 S4,Client Sample,NA,13/2/23,Yes,Yes,Yes,86.5,13.5,Yes,Sample reported
SOS-01-04021,28502,2023 S WP P4 S5,Client Sample,NA,13/2/23,Yes,Yes,Yes,13.6,86.4,Yes,Sample reported
SOS-01-04022,28503,2023 S WP P5 S1,Client Sample,NA,13/2/23,Yes,Yes,Yes,53.6,46.4,Yes,Sample reported
SOS-01-04023,28504,2023 S WP P5 S2,Client Sample,NA,13/2/23,Yes,Yes,Yes,37.2,62.8,Yes,Sample reported
SOS-01-04024,28505,2023 S WP P5 S3,Client Sample,NA,13/2/23,Yes,Yes,Yes,76.4,23.6,Yes,Sample reported
SOS-01-04025,28506,2023 S WP P5 S4,Client Sample,NA,13/2/23,Yes,Yes,Yes,23.2,76.8,Yes,Sample reported
SOS-01-04026,28507,2023 S WP P5 S5,Client Sample,NA,13/2/23,Yes,Yes,Yes,80.5,19.5,Yes,Sample reported
SOS-01-04027,28508,2023 S WP P6 S1,Client Sample,NA,13/2/23,Yes,Yes,Yes,58.4,41.6,Yes,Sample reported
SOS-01-04028,28509,2023 S WP P6 S2,Client Sample,NA,13/2/23,Yes,Yes,Yes,5.3,94.7,Yes,Sample reported
SOS-01-04029,28510,2023 S WP P6 S3,Client Sample,NA,13/2/23,Yes,Yes,Yes,3,97,Yes,Sample reported
SOS-01-04030,28511,2023 S WP P6 S4,Client Sample,NA,13/2/23,Yes,Yes,Yes,31.1,68.9,Yes,Sample reported
SOS-01-04031,28512,2023 S WP P6 S5,Client Sample,NA,13/2/23,Yes,Yes,Yes,22.6,77.4,Yes,Sample reported
SOS-01-04032,28513,2023 S WP P7 S1,Client Sample,NA,13/2/23,Yes,Yes,Yes,2.3,97.7,Yes,Sample reported
SOS-01-04033,28514,2023 S WP P7 S2,Client Sample,NA,13/2/23,Yes,Yes,Yes,10.5,89.5,Yes,Sample reported
SOS-01-04034,28515,2023 S WP P7 S3,Client Sample,NA,13/2/23,Yes,Yes,Yes,97.1,2.9,Yes,Sample reported
SOS-01-04035,28516,2023 S WP P7 S4,Client Sample,NA,13/2/23,Yes,Yes,Yes,10.8,89.2,Yes,Sample reported
SOS-01-04036,28517,2023 S WP P7 S5,Client Sample,NA,13/2/23,Yes,Yes,Yes,26.4,73.6,Yes,Sample reported
SOS-01-04037,28518,2023 S WP P8 S1,Client Sample,NA,13/2/23,Yes,Yes,Yes,10.6,89.4,Yes,Sample reported
SOS-01-04038,28519,2023 S WP P8 S2,Client Sample,NA,13/2/23,Yes,Yes,Yes,25.2,74.8,Yes,Sample reported
SOS-01-04039,28520,2023 S WP P8 S3,Client Sample,NA,13/2/23,Yes,Yes,Yes,25.1,74.8,Yes,Sample reported
SOS-01-04040,28521,2023 S WP P8 S4,Client Sample,NA,13/2/23,Yes,Yes,Yes,75.5,24.6,Yes,Sample reported
SOS-01-04041,28522,2023 S WP P8 S5,Client Sample,NA,13/2/23,Yes,Yes,Yes,58.3,41.7,Yes,Sample reported
SOS-01-04042,28523,2023 S WP P9 S1,Client Sample,NA,13/2/23,Yes,Yes,Yes,66.5,33.5,Yes,Sample reported
SOS-01-04043,28524,2023 S WP P9 S2,Client Sample,NA,13/2/23,Yes,Yes,Yes,57.5,42.5,Yes,Sample reported
SOS-01-04044,28525,2023 S WP P9 S3,Client Sample,NA,13/2/23,Yes,Yes,Yes,59.5,40.5,Yes,Sample reported
SOS-01-04045,28526,2023 S WP P9 S4,Client Sample,NA,13/2/23,Yes,Yes,Yes,91.7,8.3,Yes,Sample reported
SOS-01-04046,28527,2023 S WP P9 S5,Client Sample,NA,13/2/23,Yes,Yes,Yes,6.8,93.2,Yes,Sample reported
SSC-01-00702,29087,2023 W BH1 P1 S1,Client Sample,NA,08/3/23,Yes,Yes,Yes,87.4,12.6,Yes,Sample reported
SSC-01-00714,29088,2023 W BH1 P1 S2,Client Sample,NA,08/3/23,Yes,Yes,Yes,95.1,4.9,Yes,Sample reported
SSC-01-00712,29089,2023 W BH1 P1 S3,Client Sample,NA,08/3/23,Yes,Yes,Yes,99.3,0.7,Yes,Sample reported
SSC-01-00731,29090,2023 W BH1 P1 S4,Client Sample,NA,08/3/23,Yes,Yes,Yes,88.4,11.6,Yes,Sample reported
SSC-01-00728,29132,2023 W BH1 P10 S1,Client Sample,NA,08/3/23,Yes,Yes,Yes,97.1,2.9,Yes,Sample reported
SSC-01-00706,29133,2023 W BH1 P10 S2,Client Sample,NA,08/3/23,Yes,Yes,Yes,97.7,2.3,Yes,Sample reported
SSC-01-00715,29134,2023 W BH1 P10 S3,Client Sample,NA,08/3/23,Yes,Yes,Yes,72.5,27.5,Yes,Sample reported
SSC-01-00729,29135,2023 W BH1 P10 S4,Client Sample,NA,08/3/23,Yes,Yes,Yes,96,4,Yes,Sample reported
SSC-01-00721,29136,2023 W BH1 P10 S5,Client Sample,NA,08/3/23,Yes,Yes,Yes,99,1,Yes,Sample reported
SSC-01-00723,29092,2023 W BH1 P2 S1,Client Sample,NA,08/3/23,Yes,Yes,Yes,97.3,2.7,Yes,Sample reported
SSC-01-00726,29093,2023 W BH1 P2 S2,Client Sample,NA,08/3/23,Yes,Yes,Yes,78.1,21.9,Yes,Sample reported
SSC-01-00720,29094,2023 W BH1 P2 S3,Client Sample,NA,08/3/23,Yes,Yes,Yes,71.7,28.3,Yes,Sample reported
SSC-01-00716,29095,2023 W BH1 P2 S4,Client Sample,NA,08/3/23,Yes,Yes,Yes,98.9,1.1,Yes,Sample reported
SSC-01-00730,29096,2023 W BH1 P2 S5,Client Sample,NA,08/3/23,Yes,Yes,Yes,99.1,0.9,Yes,Sample reported
SSC-01-00718,29097,2023 W BH1 P3 S1,Client Sample,NA,08/3/23,Yes,Yes,Yes,94.1,5.9,Yes,Sample reported
SSC-01-00724,29098,2023 W BH1 P3 S2,Client Sample,NA,08/3/23,Yes,Yes,Yes,88.9,11.1,Yes,Sample reported
SSC-01-00697,29099,2023 W BH1 P3 S3,Client Sample,NA,08/3/23,Yes,Yes,Yes,97,3,Yes,Sample reported
SSC-01-00725,29100,2023 W BH1 P3 S4,Client Sample,NA,08/3/23,Yes,Yes,Yes,98.8,1.2,Yes,Sample reported
SSC-01-00727,29101,2023 W BH1 P3 S5,Client Sample,NA,08/3/23,Yes,Yes,Yes,37.1,62.9,Yes,Sample reported
SSC-01-00704,29102,2023 W BH1 P4 S1,Client Sample,NA,08/3/23,Yes,Yes,Yes,95.2,4.8,Yes,Sample reported
SSC-01-00705,29103,2023 W BH1 P4 S2,Client Sample,NA,08/3/23,Yes,Yes,Yes,65.8,34.2,Yes,Sample reported
SSC-01-00722,29104,2023 W BH1 P4 S3,Client Sample,NA,08/3/23,Yes,Yes,Yes,49.5,50.5,Yes,Sample reported
SSC-01-00703,29105,2023 W BH1 P4 S4,Client Sample,NA,08/3/23,Yes,Yes,Yes,95,5,Yes,Sample reported
SSC-01-00700,29106,2023 W BH1 P4 S5,Client Sample,NA,08/3/23,Yes,Yes,Yes,97.9,2.1,Yes,Sample reported
SSC-01-00701,29107,2023 W BH1 P5 S1,Client Sample,NA,08/3/23,Yes,Yes,Yes,94.6,5.4,Yes,Sample reported
SSC-01-00707,29108,2023 W BH1 P5 S2,Client Sample,NA,08/3/23,Yes,Yes,Yes,39.7,60.3,Yes,Sample reported
SSC-01-00688,29109,2023 W BH1 P5 S3,Client Sample,NA,08/3/23,Yes,Yes,Yes,58.5,41.5,Yes,Sample reported
SSC-01-00709,29110,2023 W BH1 P5 S4,Client Sample,NA,08/3/23,Yes,Yes,Yes,31.8,68.2,Yes,Sample reported
SSC-01-00698,29111,2023 W BH1 P5 S5,Client Sample,NA,08/3/23,Yes,Yes,Yes,98.5,1.5,Yes,Sample reported
SSC-01-00708,29112,2023 W BH1 P6 S1,Client Sample,NA,08/3/23,Yes,Yes,Yes,60.2,39.8,Yes,Sample reported
SSC-01-00694,29113,2023 W BH1 P6 S2,Client Sample,NA,08/3/23,Yes,Yes,Yes,63.3,36.7,Yes,Sample reported
SSC-01-00696,29114,2023 W BH1 P6 S3,Client Sample,NA,08/3/23,Yes,Yes,Yes,99.3,0.7,Yes,Sample reported
SSC-01-00711,29115,2023 W BH1 P6 S4,Client Sample,NA,08/3/23,Yes,Yes,Yes,89,11,Yes,Sample reported
SSC-01-00699,29116,2023 W BH1 P6 S5,Client Sample,NA,08/3/23,Yes,Yes,Yes,75.5,24.4,Yes,Sample reported
SSC-01-00719,29117,2023 W BH1 P7 S1,Client Sample,NA,08/3/23,Yes,Yes,Yes,99.2,0.8,Yes,Sample reported
SSC-01-00713,29118,2023 W BH1 P7 S2,Client Sample,NA,08/3/23,Yes,Yes,Yes,91,9,Yes,Sample reported
SSC-01-00683,29119,2023 W BH1 P7 S3,Client Sample,NA,08/3/23,Yes,Yes,Yes,75.6,24.4,Yes,Sample reported
SSC-01-00685,29120,2023 W BH1 P7 S4,Client Sample,NA,08/3/23,Yes,Yes,Yes,41.7,58.3,Yes,Sample reported
SSC-01-00687,29121,2023 W BH1 P7 S5,Client Sample,NA,08/3/23,Yes,Yes,Yes,59,41,Yes,Sample reported
SSC-01-00690,29122,2023 W BH1 P8 S1,Client Sample,NA,08/3/23,Yes,Yes,Yes,96.1,3.9,Yes,Sample reported
SSC-01-00689,29123,2023 W BH1 P8 S2,Client Sample,NA,08/3/23,Yes,Yes,Yes,89.6,10.4,Yes,Sample reported
SSC-01-00695,29124,2023 W BH1 P8 S3,Client Sample,NA,08/3/23,Yes,Yes,Yes,44.4,55.6,Yes,Sample reported
SSC-01-00692,29125,2023 W BH1 P8 S4,Client Sample,NA,08/3/23,Yes,Yes,Yes,64.1,35.9,Yes,Sample reported
SSC-01-00686,29126,2023 W BH1 P8 S5,Client Sample,NA,08/3/23,Yes,Yes,Yes,69.2,30.9,Yes,Sample reported
SSC-01-00691,29127,2023 W BH1 P9 S1,Client Sample,NA,08/3/23,Yes,Yes,Yes,32.3,67.7,Yes,Sample reported
SSC-01-00717,29128,2023 W BH1 P9 S2,Client Sample,NA,08/3/23,Yes,Yes,Yes,88.5,11.5,Yes,Sample reported
SSC-01-00693,29129,2023 W BH1 P9 S3,Client Sample,NA,08/3/23,Yes,Yes,Yes,98.7,1.3,Yes,Sample reported
SSC-01-00684,29130,2023 W BH1 P9 S4,Client Sample,NA,08/3/23,Yes,Yes,Yes,7.7,92.3,Yes,Sample reported
SSC-01-00682,29131,2023 W BH1 P9 S5,Client Sample,NA,08/3/23,Yes,Yes,Yes,97.9,2.1,Yes,Sample reported
SSC-01-00784,29137,2023 W FD1 P1 S1,Client Sample,NA,08/3/23,Yes,Yes,Yes,95.6,4.4,Yes,Sample reported
SSC-01-00762,29138,2023 W FD1 P1 S2,Client Sample,NA,08/3/23,Yes,Yes,Yes,47.5,52.5,Yes,Sample reported
SSC-01-00763,29139,2023 W FD1 P1 S3,Client Sample,NA,08/3/23,Yes,Yes,Yes,83.3,16.7,Yes,Sample reported
SSC-01-00765,29140,2023 W FD1 P1 S4,Client Sample,NA,08/3/23,Yes,Yes,Yes,81.2,18.8,Yes,Sample reported
SSC-01-00764,29141,2023 W FD1 P1 S5,Client Sample,NA,08/3/23,Yes,Yes,Yes,97.1,2.9,Yes,Sample reported
SSC-01-00780,29142,2023 W FD1 P2 S1,Client Sample,NA,08/3/23,Yes,Yes,Yes,97.2,2.8,Yes,Sample reported
SSC-01-00775,29143,2023 W FD1 P2 S2,Client Sample,NA,08/3/23,Yes,Yes,Yes,96.6,3.4,Yes,Sample reported
SSC-01-00768,29144,2023 W FD1 P2 S3,Client Sample,NA,08/3/23,Yes,Yes,Yes,99.5,0.6,Yes,Sample reported
SSC-01-00766,29145,2023 W FD1 P2 S4,Client Sample,NA,08/3/23,Yes,Yes,Yes,95.7,4.3,Yes,Sample reported
SSC-01-00767,29146,2023 W FD1 P2 S5,Client Sample,NA,08/3/23,Yes,Yes,Yes,90.4,9.6,Yes,Sample reported
SSC-01-00770,29147,2023 W FD1 P3 S1,Client Sample,NA,08/3/23,Yes,Yes,Yes,93.6,6.4,Yes,Sample reported
SSC-01-00771,29148,2023 W FD1 P3 S2,Client Sample,NA,08/3/23,Yes,Yes,Yes,99.6,0.4,Yes,Sample reported
SSC-01-00769,29149,2023 W FD1 P3 S3,Client Sample,NA,08/3/23,Yes,Yes,Yes,91.9,8.1,Yes,Sample reported
SSC-01-00772,29150,2023 W FD1 P3 S4,Client Sample,NA,08/3/23,Yes,Yes,Yes,75.7,24.3,Yes,Sample reported
SSC-01-00773,29151,2023 W FD1 P3 S5,Client Sample,NA,08/3/23,Yes,Yes,Yes,99.1,0.9,Yes,Sample reported
SSC-01-00791,29152,2023 W FD1 P4 S1,Client Sample,NA,08/3/23,Yes,Yes,Yes,86.8,13.2,Yes,Sample reported
SSC-01-00790,29153,2023 W FD1 P4 S2,Client Sample,NA,08/3/23,Yes,Yes,Yes,81.9,18.1,Yes,Sample reported
SSC-01-00788,29154,2023 W FD1 P4 S3,Client Sample,NA,08/3/23,Yes,Yes,Yes,43.5,56.5,Yes,Sample reported
SSC-01-00786,29155,2023 W FD1 P4 S4,Client Sample,NA,08/3/23,Yes,Yes,Yes,95.5,4.5,Yes,Sample reported
SSC-01-00789,29156,2023 W FD1 P4 S5,Client Sample,NA,08/3/23,Yes,Yes,Yes,9.3,90.7,Yes,Sample reported
SSC-01-00779,29157,2023 W FD1 P5 S1,Client Sample,NA,08/3/23,Yes,Yes,Yes,95.2,4.8,Yes,Sample reported
SSC-01-00776,29158,2023 W FD1 P5 S2,Client Sample,NA,08/3/23,Yes,Yes,Yes,73.9,26.1,Yes,Sample reported
SSC-01-00774,29161,2023 W FD1 P5 S5,Client Sample,NA,08/3/23,Yes,Yes,Yes,98.6,1.4,Yes,Sample reported
SSC-01-00778,29162,2023 W FD1 P6 S1,Client Sample,NA,08/3/23,Yes,Yes,Yes,62.4,37.6,Yes,Sample reported
SSC-01-00783,29164,2023 W FD1 P6 S3,Client Sample,NA,08/3/23,Yes,Yes,Yes,92.8,7.2,Yes,Sample reported
SSC-01-00785,29165,2023 W FD1 P6 S4,Client Sample,NA,08/3/23,Yes,Yes,Yes,90.1,9.9,Yes,Sample reported
SSC-01-00781,29166,2023 W FD1 P6 S5,Client Sample,NA,08/3/23,Yes,Yes,Yes,56.4,43.6,Yes,Sample reported
SSC-01-00749,292723,2023 Y K P1 S1,Client Sample,NA,15/3/23,Yes,Yes,Yes,11,89,Yes,Sample reported
SSC-01-00750,292733,2023 Y K P1 S2,Client Sample,NA,15/3/23,Yes,Yes,Yes,52.2,47.8,Yes,Sample reported
SSC-01-00748,292713,2023 Y K P1 S3,Client Sample,NA,15/3/23,Yes,Yes,Yes,52.3,47.7,Yes,Sample reported
SSC-01-00752,292753,2023 Y K P1 S4,Client Sample,NA,15/3/23,Yes,Yes,Yes,92.1,7.9,Yes,Sample reported
SSC-01-00751,292743,2023 Y K P1 S5,Client Sample,NA,15/3/23,Yes,Yes,Yes,98.8,1.2,Yes,Sample reported
SSC-01-00747,29733,2023 Y K P2 S1,Client Sample,NA,24/3/23,Yes,Yes,Yes,53.9,46.1,Yes,Sample reported
SSC-01-00895,292833,2023 Y K P2 S2,Client Sample,NA,15/3/23,Yes,Yes,Yes,74.3,25.6,Yes,Sample reported
SSC-01-00757,29737,2023 Y K P2 S3,Client Sample,NA,24/3/23,Yes,Yes,Yes,37.4,62.6,Yes,Sample reported
SSC-01-00909,292893,2023 Y K P2 S4,Client Sample,NA,15/3/23,Yes,Yes,Yes,87.5,12.5,Yes,Sample reported
SSC-01-00753,292763,2023 Y K P2 S5,Client Sample,NA,15/3/23,Yes,Yes,Yes,99,1,Yes,Sample reported
SSC-01-00758,29738,2023 Y K P3 S1,Client Sample,NA,24/3/23,Yes,Yes,Yes,85.1,14.9,Yes,Sample reported
SSC-01-00892,29740,2023 Y K P3 S2,Client Sample,NA,24/3/23,Yes,Yes,Yes,35.8,64.2,Yes,Sample reported
SSC-01-00893,29741,2023 Y K P3 S3,Client Sample,NA,24/3/23,Yes,Yes,Yes,33.8,66.2,Yes,Sample reported
SSC-01-00891,29739,2023 Y K P3 S4,Client Sample,NA,24/3/23,Yes,Yes,Yes,91.9,8.1,Yes,Sample reported
SSC-01-00906,29765,2023 Y K P3 S5,Client Sample,NA,24/3/23,Yes,Yes,Yes,84.5,15.5,Yes,Sample reported
SSC-01-00755,29735,2023 Y K P4 S1,Client Sample,NA,24/3/23,Yes,Yes,Yes,24.1,75.9,Yes,Sample reported
SSC-01-00756,29736,2023 Y K P4 S2,Client Sample,NA,24/3/23,Yes,Yes,Yes,17.8,82.2,Yes,Sample reported
SSC-01-00754,29734,2023 Y K P4 S3,Client Sample,NA,24/3/23,Yes,Yes,Yes,83.6,16.4,Yes,Sample reported
SSC-01-00907,29766,2023 Y K P4 S5,Client Sample,NA,24/3/23,Yes,Yes,Yes,54.5,45.5,Yes,Sample reported
SSC-01-00941,29774,2023 Y LE1 P1 S1,Client Sample,NA,24/3/23,Yes,Yes,Yes,65.1,34.9,Yes,Sample reported
SSC-01-00937,29771,2023 Y LE1 P1 S2,Client Sample,NA,24/3/23,Yes,Yes,Yes,99.9,0.1,Yes,Sample reported
SSC-01-00935,29770,2023 Y LE1 P1 S3,Client Sample,NA,24/3/23,Yes,Yes,Yes,84.4,15.6,Yes,Sample reported
SSC-01-00942,29775,2023 Y LE1 P1 S4,Client Sample,NA,24/3/23,Yes,Yes,Yes,96.3,3.7,Yes,Sample reported
SSC-01-01242,29759,2023 Y LE1 P1 S5,Client Sample,NA,24/3/23,Yes,Yes,Yes,95,5,Yes,Sample reported
SSC-01-01245,29760,2023 Y LE1 P2 S1,Client Sample,NA,24/3/23,Yes,Yes,Yes,8.2,91.8,Yes,Sample reported
SSC-01-01244,29751,2023 Y LE1 P2 S2,Client Sample,NA,24/3/23,Yes,Yes,Yes,84.6,15.4,Yes,Sample reported
SSC-01-01246,29752,2023 Y LE1 P2 S3,Client Sample,NA,24/3/23,Yes,Yes,Yes,83.8,16.2,Yes,Sample reported
SSC-01-01247,29757,2023 Y LE1 P2 S4,Client Sample,NA,24/3/23,Yes,Yes,Yes,98.9,1.1,Yes,Sample reported
SSC-01-01251,29754,2023 Y LE1 P2 S5,Client Sample,NA,24/3/23,Yes,Yes,Yes,64,36,Yes,Sample reported
SSC-01-00944,29777,2023 Y LE1 P3 S1,Client Sample,NA,24/3/23,Yes,Yes,Yes,97.9,2.1,Yes,Sample reported
SSC-01-00959,29792,2023 Y LE1 P3 S2,Client Sample,NA,24/3/23,Yes,Yes,Yes,95.3,4.7,Yes,Sample reported
SSC-01-00945,29778,2023 Y LE1 P3 S3,Client Sample,NA,24/3/23,Yes,Yes,Yes,98.9,1.1,Yes,Sample reported
SSC-01-00946,29779,2023 Y LE1 P3 S4,Client Sample,NA,24/3/23,Yes,Yes,Yes,99,1,Yes,Sample reported
SSC-01-00943,29776,2023 Y LE1 P3 S5,Client Sample,NA,24/3/23,Yes,Yes,Yes,78.7,21.3,Yes,Sample reported
SSC-01-00956,29789,2023 Y LE1 P4 S1,Client Sample,NA,24/3/23,Yes,Yes,Yes,47.2,52.8,Yes,Sample reported
SSC-01-00949,29782,2023 Y LE1 P4 S2,Client Sample,NA,24/3/23,Yes,Yes,Yes,91.9,8.1,Yes,Sample reported
SSC-01-00957,29790,2023 Y LE1 P4 S3,Client Sample,NA,24/3/23,Yes,Yes,Yes,98.7,1.4,Yes,Sample reported
SSC-01-00948,29781,2023 Y LE1 P4 S4,Client Sample,NA,24/3/23,Yes,Yes,Yes,98.6,1.4,Yes,Sample reported
SSC-01-00961,29794,2023 Y LE1 P4 S5,Client Sample,NA,24/3/23,Yes,Yes,Yes,82.7,17.3,Yes,Sample reported
SSC-01-00940,29773,2023 Y LE1 P5 S1,Client Sample,NA,24/3/23,Yes,Yes,Yes,98.2,1.9,Yes,Sample reported
SSC-01-00938,29772,2023 Y LE1 P5 S2,Client Sample,NA,24/3/23,Yes,Yes,Yes,85.7,14.3,Yes,Sample reported
SSC-01-00953,29786,2023 Y LE1 P5 S3,Client Sample,NA,24/3/23,Yes,Yes,Yes,94.4,5.6,Yes,Sample reported
SSC-01-00955,29788,2023 Y LE1 P5 S4,Client Sample,NA,24/3/23,Yes,Yes,Yes,95.5,4.5,Yes,Sample reported
SSC-01-01243,29753,2023 Y LE1 P5 S5,Client Sample,NA,24/3/23,Yes,Yes,Yes,99.3,0.7,Yes,Sample reported
SSC-01-00921,29300,2023 Y NE1 P1 S2,Client Sample,NA,15/3/23,Yes,Yes,Yes,64.2,35.8,Yes,Sample reported
SSC-01-00899,29286,2023 Y NE1 P1 S3,Client Sample,NA,15/3/23,Yes,Yes,Yes,99.5,0.5,Yes,Sample reported
SSC-01-00760,29278,2023 Y NE1 P1 S4,Client Sample,NA,15/3/23,Yes,Yes,Yes,60.5,39.5,Yes,Sample reported
SSC-01-00912,29292,2023 Y NE1 P1 S5,Client Sample,NA,15/3/23,Yes,Yes,Yes,98.8,1.2,Yes,Sample reported
SSC-01-00911,29291,2023 Y NE1 P10 S1,Client Sample,NA,15/3/23,Yes,Yes,Yes,85.5,14.5,Yes,Sample reported
SSC-01-00759,29277,2023 Y NE1 P10 S4,Client Sample,NA,15/3/23,Yes,Yes,Yes,99.3,0.7,Yes,Sample reported
SSC-01-00924,29302,2023 Y NE1 P2 S1,Client Sample,NA,15/3/23,Yes,Yes,Yes,93,7,Yes,Sample reported
SSC-01-00888,29281,2023 Y NE1 P2 S2,Client Sample,NA,15/3/23,Yes,Yes,Yes,46.2,53.8,Yes,Sample reported
SSC-01-00896,29284,2023 Y NE1 P2 S3,Client Sample,NA,15/3/23,Yes,Yes,Yes,96.1,3.9,Yes,Sample reported
SSC-01-00898,29285,2023 Y NE1 P2 S4,Client Sample,NA,15/3/23,Yes,Yes,Yes,62.4,37.6,Yes,Sample reported
SSC-01-00889,29282,2023 Y NE1 P2 S5,Client Sample,NA,15/3/23,Yes,Yes,Yes,43.3,56.7,Yes,Sample reported
SSC-01-01253,29746,2023 Y NE1 P3 S1,Client Sample,NA,24/3/23,Yes,Yes,Yes,10.3,89.7,Yes,Sample reported
SSC-01-01239,29763,2023 Y NE1 P3 S2,Client Sample,NA,24/3/23,Yes,Yes,Yes,87.3,12.7,Yes,Sample reported
SSC-01-01233,29762,2023 Y NE1 P3 S3,Client Sample,NA,24/3/23,Yes,Yes,Yes,77.6,22.4,Yes,Sample reported
SSC-01-01254,29743,2023 Y NE1 P3 S4,Client Sample,NA,24/3/23,Yes,Yes,Yes,98.3,1.6,Yes,Sample reported
SSC-01-01250,29750,2023 Y NE1 P3 S5,Client Sample,NA,24/3/23,Yes,Yes,Yes,43.9,56.1,Yes,Sample reported
SSC-01-00897,29742,2023 Y NE1 P4 S1,Client Sample,NA,24/3/23,Yes,Yes,Yes,98.7,1.3,Yes,Sample reported
SSC-01-00960,29793,2023 Y NE1 P4 S3,Client Sample,NA,24/3/23,Yes,Yes,Yes,39.2,60.8,Yes,Sample reported
SSC-01-00904,29764,2023 Y NE1 P4 S4 (1),Client Sample,NA,24/3/23,Yes,Yes,Yes,10.7,89.3,Yes,Sample reported
SSC-01-00958,29791,2023 Y NE1 P4 S4 (2),Client Sample,NA,24/3/23,Yes,Yes,Yes,79.3,20.7,Yes,Sample reported
SSC-01-00939,29314,2023 Y NE1 P4 S5,Client Sample,NA,15/3/23,Yes,Yes,Yes,60.8,39.2,Yes,Sample reported
SSC-01-00916,29295,2023 Y NE1 P5 S1,Client Sample,NA,15/3/23,Yes,Yes,Yes,87.3,12.7,Yes,Sample reported
SSC-01-00915,29294,2023 Y NE1 P5 S2,Client Sample,NA,15/3/23,Yes,Yes,Yes,98.8,1.2,Yes,Sample reported
SSC-01-00913,29293,2023 Y NE1 P5 S3,Client Sample,NA,15/3/23,Yes,Yes,Yes,51.1,48.9,Yes,Sample reported
SSC-01-00919,29298,2023 Y NE1 P5 S4,Client Sample,NA,15/3/23,Yes,Yes,Yes,61.8,38.2,Yes,Sample reported
SSC-01-00917,29296,2023 Y NE1 P5 S5,Client Sample,NA,15/3/23,Yes,Yes,Yes,35.2,64.8,Yes,Sample reported
SSC-01-00914,29768,2023 Y NE1 P6 S2,Client Sample,NA,24/3/23,Yes,Yes,Yes,75.9,24.1,Yes,Sample reported
SSC-01-00922,29769,2023 Y NE1 P6 S3,Client Sample,NA,24/3/23,Yes,Yes,Yes,99.8,0.2,Yes,Sample reported
SSC-01-00901,29287,2023 Y NE1 P6 S4,Client Sample,NA,15/3/23,Yes,Yes,Yes,44.4,55.6,Yes,Sample reported
SSC-01-00936,29313,2023 Y NE1 P6 S5,Client Sample,NA,15/3/23,Yes,Yes,Yes,98.1,1.9,Yes,Sample reported
SSC-01-00887,29280,2023 Y NE1 P7 S1,Client Sample,NA,15/3/23,Yes,Yes,Yes,33.6,66.4,Yes,Sample reported
SSC-01-00930,29308,2023 Y NE1 P7 S2,Client Sample,NA,15/3/23,Yes,Yes,Yes,53.8,46.2,Yes,Sample reported
SSC-01-00928,29306,2023 Y NE1 P7 S3,Client Sample,NA,15/3/23,Yes,Yes,Yes,94.9,5.1,Yes,Sample reported
SSC-01-00932,29310,2023 Y NE1 P7 S4,Client Sample,NA,15/3/23,Yes,Yes,Yes,99.6,0.4,Yes,Sample reported
SSC-01-00925,29303,2023 Y NE1 P7 S5 (1),Client Sample,NA,15/3/23,Yes,Yes,Yes,78.1,21.9,Yes,Sample reported
SSC-01-00929,29307,2023 Y NE1 P7 S5 (2),Client Sample,NA,15/3/23,Yes,Yes,Yes,20.4,79.6,Yes,Sample reported
SSC-01-00918,29297,2023 Y NE1 P8 S1,Client Sample,NA,15/3/23,Yes,Yes,Yes,96.5,3.5,Yes,Sample reported
SSC-01-00931,29309,2023 Y NE1 P8 S2,Client Sample,NA,15/3/23,Yes,Yes,Yes,94.9,5.1,Yes,Sample reported
SSC-01-00761,29279,2023 Y NE1 P8 S3 (1),Client Sample,NA,15/3/23,Yes,Yes,Yes,100,0,Yes,Sample reported
SSC-01-00920,29299,2023 Y NE1 P8 S3 (2),Client Sample,NA,15/3/23,Yes,Yes,Yes,61.2,38.8,Yes,Sample reported
SSC-01-00910,29290,2023 Y NE1 P8 S5,Client Sample,NA,15/3/23,Yes,Yes,Yes,75.2,24.8,Yes,Sample reported
SSC-01-00923,29301,2023 Y NE1 P9 S1,Client Sample,NA,15/3/23,Yes,Yes,Yes,97.2,2.8,Yes,Sample reported
SSC-01-00927,29305,2023 Y NE1 P9 S2,Client Sample,NA,15/3/23,Yes,Yes,Yes,75.6,24.4,Yes,Sample reported
SSC-01-00926,29304,2023 Y NE1 P9 S3,Client Sample,NA,15/3/23,Yes,Yes,Yes,51.7,48.3,Yes,Sample reported
SSC-01-00933,29311,2023 Y NE1 P9 S4,Client Sample,NA,15/3/23,Yes,Yes,Yes,90.3,9.7,Yes,Sample reported
SSC-01-00934,29312,2023 Y NE1 P9 S5,Client Sample,NA,15/3/23,Yes,Yes,Yes,87.9,12.1,Yes,Sample reported
SSC-01-00952,29785,2023 Y WS1 P1 S1,Client Sample,NA,24/3/23,Yes,Yes,Yes,61.4,38.6,Yes,Sample reported
SSC-01-01237,29744,2023 Y WS1 P1 S2,Client Sample,NA,24/3/23,Yes,Yes,Yes,96.8,3.2,Yes,Sample reported
SSC-01-00947,29780,2023 Y WS1 P1 S3,Client Sample,NA,24/3/23,Yes,Yes,Yes,90.5,9.5,Yes,Sample reported
SSC-01-01249,29756,2023 Y WS1 P1 S4,Client Sample,NA,24/3/23,Yes,Yes,Yes,93.4,6.6,Yes,Sample reported
SSC-01-01234,29761,2023 Y WS1 P1 S5,Client Sample,NA,24/3/23,Yes,Yes,Yes,12,88,Yes,Sample reported
SSC-01-00950,29783,2023 Y WS1 P2 S1,Client Sample,NA,24/3/23,Yes,Yes,Yes,52,48,Yes,Sample reported
SSC-01-01235,29745,2023 Y WS1 P2 S2,Client Sample,NA,24/3/23,Yes,Yes,Yes,96.5,3.5,Yes,Sample reported
SSC-01-01230,29747,2023 Y WS1 P2 S3,Client Sample,NA,24/3/23,Yes,Yes,Yes,27.2,72.8,Yes,Sample reported
SSC-01-01252,29755,2023 Y WS1 P2 S4,Client Sample,NA,24/3/23,Yes,Yes,Yes,84.3,15.7,Yes,Sample reported
SSC-01-00951,29784,2023 Y WS1 P2 S5,Client Sample,NA,24/3/23,Yes,Yes,Yes,53.2,46.8,Yes,Sample reported
SSC-01-01231,29748,2023 Y WS1 P3 S1,Client Sample,NA,24/3/23,Yes,Yes,Yes,97.2,2.8,Yes,Sample reported
SSC-01-00954,29787,2023 Y WS1 P3 S2,Client Sample,NA,24/3/23,Yes,Yes,Yes,98.9,1.1,Yes,Sample reported
SSC-01-01248,29795,2023 Y WS1 P3 S3,Client Sample,NA,24/3/23,Yes,Yes,Yes,77.2,22.8,Yes,Sample reported
SSC-01-01240,29749,2023 Y WS1 P3 S4,Client Sample,NA,24/3/23,Yes,Yes,Yes,99,1,Yes,Sample reported
SSC-01-01238,29758,2023 Y WS1 P3 S5,Client Sample,NA,24/3/23,Yes,Yes,Yes,91.8,8.2,Yes,Sample reported
SSC-01-00903,29288,2034 Y NE1 P10 S2,Client Sample,NA,15/3/23,Yes,Yes,Yes,69.1,30.9,Yes,Sample reported
SSC-01-00777,29159,2023 W FD1 P5 S3,Client Sample,NA,08/3/23,No,N/A,N/A,N/A,N/A,No,"No amplifiable DNA, no species reported"
SSC-01-00782,29160,2023 W FD1 P5 S4,Client Sample,NA,08/3/23,No,N/A,N/A,N/A,N/A,No,"No amplifiable DNA, no species reported"
SSC-01-00908,29767,2023 Y K P4 S4,Client Sample,NA,24/3/23,No,N/A,N/A,N/A,N/A,No,"No amplifiable DNA, no species reported"
SSC-01-01037,30455,2023 N WE1 P9 S4,Client Sample,NA,25/4/23,No,N/A,N/A,N/A,N/A,No,"No amplifiable DNA, no species reported"
SSC-01-01071,30489,2023 N WE1 P5 S1,Client Sample,NA,25/4/23,No,N/A,N/A,N/A,N/A,No,"No amplifiable DNA, no species reported"
SSC-01-01004,30585,2023 N KE P5 S3,Client Sample,NA,27/4/23,No,N/A,N/A,N/A,N/A,No,"No amplifiable DNA, no species reported"
SOS-01-04008,28489,2023 S WP P2 S2,Client Sample,NA,13/2/23,Yes,No,N/A,N/A,N/A,No,"Data QC failed, no species reported"
SSC-01-00710,29091,2023 W BH1 P1 S5,Client Sample,NA,08/3/23,Yes,No,N/A,N/A,N/A,No,"Data QC failed, no species reported"
SOS-01-04070,29868,2023 S WH P5 S4,Client Sample,NA,28/3/23,Yes,No,N/A,N/A,N/A,No,"Data QC failed, no species reported"
SSC-01-01044,30462,2023 N WE1 P5 S5,Client Sample,NA,25/4/23,Yes,No,N/A,N/A,N/A,No,"Data QC failed, no species reported"
SSC-01-01055,30473,2023 N WE1 P4 S4,Client Sample,NA,25/4/23,Yes,No,N/A,N/A,N/A,No,"Data QC failed, no species reported"
SSC-01-01068,30486,2023 N WE1 P10 S4,Client Sample,NA,25/4/23,Yes,No,N/A,N/A,N/A,No,"Data QC failed, no species reported"
SSC-01-00787,29163,2023 W FD1 P6 S2,Client Sample,NA,08/3/23,No,N/A,N/A,N/A,N/A,No,"No amplifiable DNA, no species reported"
